"iso","country","city","maxLevel"
"MAR","Morocco","Ben Slimane","Ahlaf"
"MAR","Morocco","Ben Slimane","Ain Tizgha"
"MAR","Morocco","Ben Slimane","Fdalate"
"MAR","Morocco","Ben Slimane","Mellila"
"MAR","Morocco","Ben Slimane","Moualine El Ghaba"
"MAR","Morocco","Ben Slimane","Moualine El Ouad"
"MAR","Morocco","Ben Slimane","Oulad Ali Toualaa"
"MAR","Morocco","Ben Slimane","Oulad Yahya Louta"
"MAR","Morocco","Ben Slimane","Rdadna Oulad Malek"
"MAR","Morocco","Ben Slimane","Ziaida"
"MAR","Morocco","Ben Slimane","Bir Ennasr"
"MAR","Morocco","Ben Slimane","Bni Yakhlef"
"MAR","Morocco","Ben Slimane","El Mansouria"
"MAR","Morocco","Ben Slimane","Sidi Bettache"
"MAR","Morocco","Ben Slimane","Sidi Khdim"
"MAR","Morocco","Ben Slimane","Sidi Moussa Ben Ali"
"MAR","Morocco","Ben Slimane","Sidi Moussa El Majdoub"
"MAR","Morocco","Ben Slimane","Ben Slimane"
"MAR","Morocco","Ben Slimane","Bouznika"
"MAR","Morocco","Khouribga","Ain Kaicher"
"MAR","Morocco","Khouribga","Bni Bataou"
"MAR","Morocco","Khouribga","Bni Zrantel"
"MAR","Morocco","Khouribga","Boukhrisse"
"MAR","Morocco","Khouribga","Chougrane"
"MAR","Morocco","Khouribga","Oulad Gouaouch"
"MAR","Morocco","Khouribga","Rouached"
"MAR","Morocco","Khouribga","Tachrafat"
"MAR","Morocco","Khouribga","Bir Mezoui"
"MAR","Morocco","Khouribga","Bni Ykhlef"
"MAR","Morocco","Khouribga","Boulanouare"
"MAR","Morocco","Khouribga","El Foqra"
"MAR","Morocco","Khouribga","Lagfaf"
"MAR","Morocco","Khouribga","M'Fassis"
"MAR","Morocco","Khouribga","Oulad Abdoune"
"MAR","Morocco","Khouribga","Oulad Azzouz"
"MAR","Morocco","Khouribga","Bejaad"
"MAR","Morocco","Khouribga","Boujniba"
"MAR","Morocco","Khouribga","Hattane"
"MAR","Morocco","Khouribga","Khouribga"
"MAR","Morocco","Khouribga","Ouad Zem"
"MAR","Morocco","Khouribga","Ait Ammar"
"MAR","Morocco","Khouribga","Bni Smir"
"MAR","Morocco","Khouribga","Braksa"
"MAR","Morocco","Khouribga","Kasbat Troch"
"MAR","Morocco","Khouribga","Lagnadiz"
"MAR","Morocco","Khouribga","Maadna"
"MAR","Morocco","Khouribga","Oulad Aissa"
"MAR","Morocco","Khouribga","Oulad Boughadi"
"MAR","Morocco","Khouribga","Oulad Fennane"
"MAR","Morocco","Khouribga","Oulad Ftata"
"MAR","Morocco","Settat","Ain Dorbane"
"MAR","Morocco","Settat","Bougargouh"
"MAR","Morocco","Settat","Lahlaf M'Zab"
"MAR","Morocco","Settat","Lakhzazra"
"MAR","Morocco","Settat","M'Garto"
"MAR","Morocco","Settat","Mniaa"
"MAR","Morocco","Settat","Mrizigue"
"MAR","Morocco","Settat","N'Khila"
"MAR","Morocco","Settat","Ouad Naanaa"
"MAR","Morocco","Settat","Oulad Chbana"
"MAR","Morocco","Settat","Oulad Fares"
"MAR","Morocco","Settat","Oulad M'Hamed"
"MAR","Morocco","Settat","Ras El Ain Chaouia"
"MAR","Morocco","Settat","Sgamna"
"MAR","Morocco","Settat","Sidi Abdelkrim"
"MAR","Morocco","Settat","Sidi Dahbi"
"MAR","Morocco","Settat","Sidi Hajjaj"
"MAR","Morocco","Settat","Ben Maachou"
"MAR","Morocco","Settat","Laghnimyine"
"MAR","Morocco","Settat","Lahsasna"
"MAR","Morocco","Settat","Lakhiaita"
"MAR","Morocco","Settat","Oulad Salah"
"MAR","Morocco","Settat","Sahel Oulad H'Riz"
"MAR","Morocco","Settat","Sidi Abdelkhaleq"
"MAR","Morocco","Settat","Sidi El Mekki"
"MAR","Morocco","Settat","Sidi Rahal Chatai"
"MAR","Morocco","Settat","Soualem"
"MAR","Morocco","Settat","Zaouiat Sidi Ben Hamdoun"
"MAR","Morocco","Settat","Ain Blal"
"MAR","Morocco","Settat","Bni Khloug"
"MAR","Morocco","Settat","Dar Chaffai"
"MAR","Morocco","Settat","Laqraqra"
"MAR","Morocco","Settat","Meskoura"
"MAR","Morocco","Settat","Oulad Amer"
"MAR","Morocco","Settat","Oulad Bouali Nouaja"
"MAR","Morocco","Settat","Oulad Fares El Halla"
"MAR","Morocco","Settat","Oulad Freiha"
"MAR","Morocco","Settat","Sidi Ahmed El Khadir"
"MAR","Morocco","Settat","Sidi Boumehdi"
"MAR","Morocco","Settat","Deroua"
"MAR","Morocco","Settat","Foqra Oulad Aameur"
"MAR","Morocco","Settat","Jaqma"
"MAR","Morocco","Settat","Kasbat Ben Mchich"
"MAR","Morocco","Settat","Lambarkiyine"
"MAR","Morocco","Settat","Oulad Cebbah"
"MAR","Morocco","Settat","Oulad Zidane"
"MAR","Morocco","Settat","Riah"
"MAR","Morocco","Settat","Ben Ahmed"
"MAR","Morocco","Settat","Berrechid"
"MAR","Morocco","Settat","El Borouj"
"MAR","Morocco","Settat","El Gara"
"MAR","Morocco","Settat","Loulad"
"MAR","Morocco","Settat","Oulad Abbou"
"MAR","Morocco","Settat","Oulad M'Rah"
"MAR","Morocco","Settat","Settat"
"MAR","Morocco","Settat","Ain Nzagh"
"MAR","Morocco","Settat","Bni Yagrine"
"MAR","Morocco","Settat","Gdana"
"MAR","Morocco","Settat","Guisser"
"MAR","Morocco","Settat","Khemisset Chaouia"
"MAR","Morocco","Settat","Lahouaza"
"MAR","Morocco","Settat","Machraa Ben Abbou"
"MAR","Morocco","Settat","Mzoura"
"MAR","Morocco","Settat","Oulad Aafif"
"MAR","Morocco","Settat","Oulad Said"
"MAR","Morocco","Settat","Oulad Sghir"
"MAR","Morocco","Settat","Rima"
"MAR","Morocco","Settat","Sidi El Aidi"
"MAR","Morocco","Settat","Sidi Mohammed Ben Rahal"
"MAR","Morocco","Settat","Tamadroust"
"MAR","Morocco","Settat","Toualet"
"MAR","Morocco","El Jadida","Chtouka"
"MAR","Morocco","El Jadida","Haouzia"
"MAR","Morocco","El Jadida","Laghdira"
"MAR","Morocco","El Jadida","Lamharza Essahel"
"MAR","Morocco","El Jadida","Oulad Rahmoune"
"MAR","Morocco","El Jadida","Sidi Ali Ben Hamdouche"
"MAR","Morocco","El Jadida","Moulay Abdellah"
"MAR","Morocco","El Jadida","Oulad Aissa"
"MAR","Morocco","El Jadida","Oulad Ghanem"
"MAR","Morocco","El Jadida","Oulad Hcine"
"MAR","Morocco","El Jadida","Sidi Abed"
"MAR","Morocco","El Jadida","Sidi M'Hamed Akhdim"
"MAR","Morocco","El Jadida","Azemmour"
"MAR","Morocco","El Jadida","El Jadida"
"MAR","Morocco","El Jadida","Lbir Jdid"
"MAR","Morocco","El Jadida","Sidi Bennour"
"MAR","Morocco","El Jadida","Zemamra"
"MAR","Morocco","El Jadida","Bni Hilal"
"MAR","Morocco","El Jadida","Bni Tsiriss"
"MAR","Morocco","El Jadida","Bouhmame"
"MAR","Morocco","El Jadida","Jabria"
"MAR","Morocco","El Jadida","Khmis Ksiba"
"MAR","Morocco","El Jadida","Koudiat Bni Dghough"
"MAR","Morocco","El Jadida","Kridid"
"MAR","Morocco","El Jadida","Laagagcha"
"MAR","Morocco","El Jadida","Laamria"
"MAR","Morocco","El Jadida","Laaounate"
"MAR","Morocco","El Jadida","Laatatra"
"MAR","Morocco","El Jadida","Lmechrek"
"MAR","Morocco","El Jadida","M'Tal"
"MAR","Morocco","El Jadida","Metrane"
"MAR","Morocco","El Jadida","Oulad Amrane"
"MAR","Morocco","El Jadida","Oulad Boussaken"
"MAR","Morocco","El Jadida","Oulad Si Bouhya"
"MAR","Morocco","El Jadida","Tamda"
"MAR","Morocco","El Jadida","Boulaouane"
"MAR","Morocco","El Jadida","Chaibate"
"MAR","Morocco","El Jadida","Mettouh"
"MAR","Morocco","El Jadida","Mogress"
"MAR","Morocco","El Jadida","Oulad Frej"
"MAR","Morocco","El Jadida","Oulad Hamdane"
"MAR","Morocco","El Jadida","Oulad Sidi Ali Ben Youssef"
"MAR","Morocco","El Jadida","Sebt Saiss"
"MAR","Morocco","El Jadida","Si Hsaien Ben Abderrahmane"
"MAR","Morocco","El Jadida","Sidi Smail"
"MAR","Morocco","El Jadida","Zaouiat Lakouacem"
"MAR","Morocco","El Jadida","Zaouiat Saiss"
"MAR","Morocco","El Jadida","Laghnadra"
"MAR","Morocco","El Jadida","Lgharbia"
"MAR","Morocco","El Jadida","Loualidia"
"MAR","Morocco","El Jadida","Oulad Sbaita"
"MAR","Morocco","El Jadida","Saniat Berguig"
"MAR","Morocco","Safi","Bouguedra"
"MAR","Morocco","Safi","El Gouraani"
"MAR","Morocco","Safi","Labkhati"
"MAR","Morocco","Safi","Lahdar"
"MAR","Morocco","Safi","Lamrasla"
"MAR","Morocco","Safi","Lamsabih"
"MAR","Morocco","Safi","Sidi Aissa"
"MAR","Morocco","Safi","Sidi Ettiji"
"MAR","Morocco","Safi","Atiamim"
"MAR","Morocco","Safi","El Gantour"
"MAR","Morocco","Safi","Esbiaat"
"MAR","Morocco","Safi","Ighoud"
"MAR","Morocco","Safi","Jdour"
"MAR","Morocco","Safi","Jnan Bouih"
"MAR","Morocco","Safi","Lakhoualqa"
"MAR","Morocco","Safi","Ras El Ain"
"MAR","Morocco","Safi","Sidi Chiker"
"MAR","Morocco","Safi","Atouabet"
"MAR","Morocco","Safi","El Ghiate"
"MAR","Morocco","Safi","Khatazakane"
"MAR","Morocco","Safi","Laamamra"
"MAR","Morocco","Safi","Lamaachate"
"MAR","Morocco","Safi","Nagga"
"MAR","Morocco","Safi","Oulad Salmane"
"MAR","Morocco","Safi","Saadla"
"MAR","Morocco","Safi","Ayir"
"MAR","Morocco","Safi","Dar Si Aissa"
"MAR","Morocco","Safi","El Beddouza"
"MAR","Morocco","Safi","Hrara"
"MAR","Morocco","Safi","Moul El Bergui"
"MAR","Morocco","Safi","Asfi Biyada"
"MAR","Morocco","Safi","Asfi Boudheb"
"MAR","Morocco","Safi","Asfi Zaouia"
"MAR","Morocco","Safi","Echemmaia"
"MAR","Morocco","Safi","Jamaat Shaim"
"MAR","Morocco","Safi","Sebt Gzoula"
"MAR","Morocco","Safi","Youssoufia"
"MAR","Morocco","Boulemane","Ait Bazza"
"MAR","Morocco","Boulemane","Ait El Mane"
"MAR","Morocco","Boulemane","Almis Marmoucha"
"MAR","Morocco","Boulemane","El Mers"
"MAR","Morocco","Boulemane","Enjil"
"MAR","Morocco","Boulemane","Guigou"
"MAR","Morocco","Boulemane","Serghina"
"MAR","Morocco","Boulemane","Skoura M'Daz"
"MAR","Morocco","Boulemane","Talzemt"
"MAR","Morocco","Boulemane","Ksabi Moulouya"
"MAR","Morocco","Boulemane","Ouizeght"
"MAR","Morocco","Boulemane","Sidi Boutayeb"
"MAR","Morocco","Boulemane","Boulemane"
"MAR","Morocco","Boulemane","Imouzzer Marmoucha"
"MAR","Morocco","Boulemane","Missour"
"MAR","Morocco","Boulemane","Outat El Haj"
"MAR","Morocco","Boulemane","El Orjane"
"MAR","Morocco","Boulemane","Ermila"
"MAR","Morocco","Boulemane","Fritissa"
"MAR","Morocco","Boulemane","Oulad Ali Youssef"
"MAR","Morocco","Boulemane","Tissaf"
"MAR","Morocco","Fès","Agdal"
"MAR","Morocco","Fès","Fes Medina"
"MAR","Morocco","Fès","Machouar Fes El Jadid"
"MAR","Morocco","Fès","Saiss"
"MAR","Morocco","Fès","Oulad Tayeb"
"MAR","Morocco","Fès","Ain Bida"
"MAR","Morocco","Fès","Ain Kansara"
"MAR","Morocco","Fès","Sidi Harazem"
"MAR","Morocco","Sefrou","Adrej"
"MAR","Morocco","Sefrou","Ain Timguenai"
"MAR","Morocco","Sefrou","Bir Tam Tam"
"MAR","Morocco","Sefrou","Dar El Hamra"
"MAR","Morocco","Sefrou","Ighzrane"
"MAR","Morocco","Sefrou","Mtarnagha"
"MAR","Morocco","Sefrou","Oulad Mkoudou"
"MAR","Morocco","Sefrou","Ras Tabouda"
"MAR","Morocco","Sefrou","Tafajight"
"MAR","Morocco","Sefrou","Ain Cheggag"
"MAR","Morocco","Sefrou","Ait Sebaa Lajrouf"
"MAR","Morocco","Sefrou","Bhalil"
"MAR","Morocco","Sefrou","El Menzel"
"MAR","Morocco","Sefrou","Imouzzer Kandar"
"MAR","Morocco","Sefrou","Ribate El Kheir"
"MAR","Morocco","Sefrou","Sefrou"
"MAR","Morocco","Sefrou","Aghbalou Aqorar"
"MAR","Morocco","Sefrou","Ahl Sidi Lahcen"
"MAR","Morocco","Sefrou","Azzaba"
"MAR","Morocco","Sefrou","Kandar Sidi Khiar"
"MAR","Morocco","Sefrou","Laanoussar"
"MAR","Morocco","Sefrou","Sidi Youssef Ben Ahmed"
"MAR","Morocco","Sefrou","Tazouta"
"MAR","Morocco","Zouagha-Moulay Yacoub","Ain Chkef"
"MAR","Morocco","Zouagha-Moulay Yacoub","Mikkes"
"MAR","Morocco","Zouagha-Moulay Yacoub","Sebaa Rouadi"
"MAR","Morocco","Zouagha-Moulay Yacoub","Sebt Loudaya"
"MAR","Morocco","Zouagha-Moulay Yacoub","Moulay Yacoub"
"MAR","Morocco","Zouagha-Moulay Yacoub","Zouagha"
"MAR","Morocco","Zouagha-Moulay Yacoub","Ain Bou Ali"
"MAR","Morocco","Zouagha-Moulay Yacoub","Laajajra"
"MAR","Morocco","Zouagha-Moulay Yacoub","Louadaine"
"MAR","Morocco","Zouagha-Moulay Yacoub","Oulad Mimoun"
"MAR","Morocco","Zouagha-Moulay Yacoub","Sidi Daoud"
"MAR","Morocco","Kénitra","Ameur Seflia"
"MAR","Morocco","Kénitra","Ben Mansour"
"MAR","Morocco","Kénitra","Haddada"
"MAR","Morocco","Kénitra","Mnasra"
"MAR","Morocco","Kénitra","Mograne"
"MAR","Morocco","Kénitra","Oulad Slama"
"MAR","Morocco","Kénitra","Sidi Taibi"
"MAR","Morocco","Kénitra","Kenitra Maamoura"
"MAR","Morocco","Kénitra","Kenitra Saknia"
"MAR","Morocco","Kénitra","Mehdia"
"MAR","Morocco","Kénitra","Sidi Slimane"
"MAR","Morocco","Kénitra","Sidi Yahya El Gharb"
"MAR","Morocco","Kénitra","Souk Arbaa"
"MAR","Morocco","Kénitra","Azghar"
"MAR","Morocco","Kénitra","Boumaiz"
"MAR","Morocco","Kénitra","Dar Bel Amri"
"MAR","Morocco","Kénitra","Kceibya"
"MAR","Morocco","Kénitra","Msaada"
"MAR","Morocco","Kénitra","Oulad Ben Hammadi"
"MAR","Morocco","Kénitra","Oulad H'Cine"
"MAR","Morocco","Kénitra","Sfafaa"
"MAR","Morocco","Kénitra","Arbaoua"
"MAR","Morocco","Kénitra","Beni Malek"
"MAR","Morocco","Kénitra","Kariat Ben Aouda"
"MAR","Morocco","Kénitra","Ouad El Makhazine"
"MAR","Morocco","Kénitra","Bahhara Oulad Ayad"
"MAR","Morocco","Kénitra","Chouafaa"
"MAR","Morocco","Kénitra","Lalla Mimouna"
"MAR","Morocco","Kénitra","Moulay Bousselham"
"MAR","Morocco","Kénitra","Sidi Allal Tazi"
"MAR","Morocco","Kénitra","Sidi Boubker El Haj"
"MAR","Morocco","Kénitra","Sidi Mohamed Lahmar"
"MAR","Morocco","Kénitra","Souk Tlet El Gharb"
"MAR","Morocco","Sidi Kacem","Ain Dfali"
"MAR","Morocco","Sidi Kacem","Bni Oual"
"MAR","Morocco","Sidi Kacem","Khnichet"
"MAR","Morocco","Sidi Kacem","Lamrabih"
"MAR","Morocco","Sidi Kacem","Moulay Abdelkader"
"MAR","Morocco","Sidi Kacem","Oulad Nouel"
"MAR","Morocco","Sidi Kacem","Sidi Ahmed Ben Aissa"
"MAR","Morocco","Sidi Kacem","Sidi Ameur El Hadi"
"MAR","Morocco","Sidi Kacem","Sidi Azzouz"
"MAR","Morocco","Sidi Kacem","Sidi M'Hamed Chelh"
"MAR","Morocco","Sidi Kacem","Taoughilt"
"MAR","Morocco","Sidi Kacem","Al Haouafate"
"MAR","Morocco","Sidi Kacem","Dar Laaslouji"
"MAR","Morocco","Sidi Kacem","Ermilate"
"MAR","Morocco","Sidi Kacem","Nouirate"
"MAR","Morocco","Sidi Kacem","Sefsaf"
"MAR","Morocco","Sidi Kacem","Sidi Al Kamel"
"MAR","Morocco","Sidi Kacem","Dar Gueddari"
"MAR","Morocco","Sidi Kacem","Had Kourt"
"MAR","Morocco","Sidi Kacem","Jorf El Melha"
"MAR","Morocco","Sidi Kacem","Mechraa Bel Ksiri"
"MAR","Morocco","Sidi Kacem","Ouezzane"
"MAR","Morocco","Sidi Kacem","Sidi Kacem"
"MAR","Morocco","Sidi Kacem","Bni Qolla"
"MAR","Morocco","Sidi Kacem","Lamjaara"
"MAR","Morocco","Sidi Kacem","Masmouda"
"MAR","Morocco","Sidi Kacem","Mzefroune"
"MAR","Morocco","Sidi Kacem","Ounnana"
"MAR","Morocco","Sidi Kacem","Sidi Ahmed Cherif"
"MAR","Morocco","Sidi Kacem","Sidi Bousber"
"MAR","Morocco","Sidi Kacem","Sidi Redouane"
"MAR","Morocco","Sidi Kacem","Teroual"
"MAR","Morocco","Sidi Kacem","Zghira"
"MAR","Morocco","Sidi Kacem","Bab Tiouka"
"MAR","Morocco","Sidi Kacem","Bir Taleb"
"MAR","Morocco","Sidi Kacem","Chbanate"
"MAR","Morocco","Sidi Kacem","Selfat"
"MAR","Morocco","Sidi Kacem","Tekna"
"MAR","Morocco","Sidi Kacem","Zagotta"
"MAR","Morocco","Sidi Kacem","Zirara"
"MAR","Morocco","Casablanca","Bouskoura"
"MAR","Morocco","Casablanca","Dar Bouazza"
"MAR","Morocco","Casablanca","El Majjatia Oulad Taleb"
"MAR","Morocco","Casablanca","Lahraouyine"
"MAR","Morocco","Casablanca","Ahl Laghlam"
"MAR","Morocco","Casablanca","Ain Chock"
"MAR","Morocco","Casablanca","Ain Harrouda"
"MAR","Morocco","Casablanca","Ain Sebaa"
"MAR","Morocco","Casablanca","Al Fida"
"MAR","Morocco","Casablanca","Al Idrissia"
"MAR","Morocco","Casablanca","Anfa"
"MAR","Morocco","Casablanca","Assoukhour Assawda"
"MAR","Morocco","Casablanca","Ben Msick"
"MAR","Morocco","Casablanca","Bou Chentouf"
"MAR","Morocco","Casablanca","El Maarif"
"MAR","Morocco","Casablanca","Hay Hassani"
"MAR","Morocco","Casablanca","Hay Mohammadi"
"MAR","Morocco","Casablanca","Lissasfa"
"MAR","Morocco","Casablanca","Machouar Casablanca"
"MAR","Morocco","Casablanca","Mediouna"
"MAR","Morocco","Casablanca","Mers Sultan"
"MAR","Morocco","Casablanca","Moulay Rachid"
"MAR","Morocco","Casablanca","Moulay Youssef"
"MAR","Morocco","Casablanca","Nouaceur"
"MAR","Morocco","Casablanca","Salmia"
"MAR","Morocco","Casablanca","Sbata"
"MAR","Morocco","Casablanca","Sidi Belyout"
"MAR","Morocco","Casablanca","Sidi Bernoussi"
"MAR","Morocco","Casablanca","Sidi Maarouf"
"MAR","Morocco","Casablanca","Sidi Moumen"
"MAR","Morocco","Casablanca","Sidi Othmane"
"MAR","Morocco","Casablanca","Tit Mellil"
"MAR","Morocco","Casablanca","Echchallalate"
"MAR","Morocco","Casablanca","Sidi Hajjaj Ouad Hassar"
"MAR","Morocco","Mohammedia","Mohammedia"
"MAR","Morocco","Assa-Zag","Aouint Lahna"
"MAR","Morocco","Assa-Zag","Aouint Yghomane"
"MAR","Morocco","Assa-Zag","Touizgui"
"MAR","Morocco","Assa-Zag","Assa"
"MAR","Morocco","Assa-Zag","Zag"
"MAR","Morocco","Assa-Zag","Labouirat"
"MAR","Morocco","Guelmim","Aday"
"MAR","Morocco","Guelmim","Ait Boufoulen"
"MAR","Morocco","Guelmim","Amtdi"
"MAR","Morocco","Guelmim","Ifrane Atlas Saghir"
"MAR","Morocco","Guelmim","Tagante"
"MAR","Morocco","Guelmim","Taghjijt"
"MAR","Morocco","Guelmim","Timoulay"
"MAR","Morocco","Guelmim","Abaynou"
"MAR","Morocco","Guelmim","Aferkat"
"MAR","Morocco","Guelmim","Asrir"
"MAR","Morocco","Guelmim","Echatea El Abied"
"MAR","Morocco","Guelmim","Fask"
"MAR","Morocco","Guelmim","Labyar"
"MAR","Morocco","Guelmim","Laqsabi Tagoust"
"MAR","Morocco","Guelmim","Ras Oumlil"
"MAR","Morocco","Guelmim","Taliouine Assaka"
"MAR","Morocco","Guelmim","Targa Wassay"
"MAR","Morocco","Guelmim","Tiglit"
"MAR","Morocco","Guelmim","Bouizakarne"
"MAR","Morocco","Guelmim","Guelmim"
"MAR","Morocco","Tan-Tan","Msied"
"MAR","Morocco","Tan-Tan","Tilemzoun"
"MAR","Morocco","Tan-Tan","El Ouatia"
"MAR","Morocco","Tan-Tan","Tan-Tan"
"MAR","Morocco","Tan-Tan","Abteh"
"MAR","Morocco","Tan-Tan","Ben Khlil"
"MAR","Morocco","Tan-Tan","Chbika"
"MAR","Morocco","Tata","Ait Ouabelli"
"MAR","Morocco","Tata","Kasbat Sidi Abdallah Ben M'Barek"
"MAR","Morocco","Tata","Tamanarte"
"MAR","Morocco","Tata","Tizounine"
"MAR","Morocco","Tata","Aguinane"
"MAR","Morocco","Tata","Akka Ighane"
"MAR","Morocco","Tata","Allougoum"
"MAR","Morocco","Tata","Ibn Yacoub"
"MAR","Morocco","Tata","Tissint"
"MAR","Morocco","Tata","Tlite"
"MAR","Morocco","Tata","Akka"
"MAR","Morocco","Tata","Fam El Hisn"
"MAR","Morocco","Tata","Foum Zguid"
"MAR","Morocco","Tata","Tata"
"MAR","Morocco","Tata","Adis"
"MAR","Morocco","Tata","Issafen"
"MAR","Morocco","Tata","Oum El Guerdane"
"MAR","Morocco","Tata","Tagmout"
"MAR","Morocco","Tata","Tigzmerte"
"MAR","Morocco","Tata","Tizaghte"
"MAR","Morocco","Laâyoune","Akhfennir"
"MAR","Morocco","Laâyoune","Tah"
"MAR","Morocco","Al Haouz","Abadou"
"MAR","Morocco","Al Haouz","Ait Aadel"
"MAR","Morocco","Al Haouz","Ait Faska"
"MAR","Morocco","Al Haouz","Ait Hkim Ait Izid"
"MAR","Morocco","Al Haouz","Ait Sidi Daoud"
"MAR","Morocco","Al Haouz","Ghmate"
"MAR","Morocco","Al Haouz","Iguerferouane"
"MAR","Morocco","Al Haouz","Sidi Abdallah Ghiat"
"MAR","Morocco","Al Haouz","Tamaguert"
"MAR","Morocco","Al Haouz","Tamazouzte"
"MAR","Morocco","Al Haouz","Tazart"
"MAR","Morocco","Al Haouz","Tidili Mesfioua"
"MAR","Morocco","Al Haouz","Tighedouine"
"MAR","Morocco","Al Haouz","Touama"
"MAR","Morocco","Al Haouz","Zerkten"
"MAR","Morocco","Al Haouz","Amghras"
"MAR","Morocco","Al Haouz","Amizmiz"
"MAR","Morocco","Al Haouz","Anougal"
"MAR","Morocco","Al Haouz","Azgour"
"MAR","Morocco","Al Haouz","Dar Jamaa"
"MAR","Morocco","Al Haouz","Lalla Takarkoust"
"MAR","Morocco","Al Haouz","Ouazguita"
"MAR","Morocco","Al Haouz","Oulad Mtaa"
"MAR","Morocco","Al Haouz","Sidi Badhaj"
"MAR","Morocco","Al Haouz","Tizguine"
"MAR","Morocco","Al Haouz","Aghbar"
"MAR","Morocco","Al Haouz","Asni"
"MAR","Morocco","Al Haouz","Ighil"
"MAR","Morocco","Al Haouz","Ijoukak"
"MAR","Morocco","Al Haouz","Imgdal"
"MAR","Morocco","Al Haouz","Ouirgane"
"MAR","Morocco","Al Haouz","Talat N'Yaaqoub"
"MAR","Morocco","Al Haouz","Ait Ourir"
"MAR","Morocco","Al Haouz","Moulay Brahim"
"MAR","Morocco","Al Haouz","Oukaimden"
"MAR","Morocco","Al Haouz","Ourika"
"MAR","Morocco","Al Haouz","Sti Fadma"
"MAR","Morocco","Al Haouz","Tahannaout"
"MAR","Morocco","Al Haouz","Tameslohte"
"MAR","Morocco","Chichaoua","Ahdil"
"MAR","Morocco","Chichaoua","Ait Hadi"
"MAR","Morocco","Chichaoua","Lamzoudia"
"MAR","Morocco","Chichaoua","Oulad Moumna"
"MAR","Morocco","Chichaoua","Saidate"
"MAR","Morocco","Chichaoua","Sid L'Mokhtar"
"MAR","Morocco","Chichaoua","Sidi Bouzid Arragragui"
"MAR","Morocco","Chichaoua","Sidi M'Hamed Dalil"
"MAR","Morocco","Chichaoua","Afalla Issen"
"MAR","Morocco","Chichaoua","Ain Tazitounte"
"MAR","Morocco","Chichaoua","Ait Haddou Youssef"
"MAR","Morocco","Chichaoua","Irohalen"
"MAR","Morocco","Chichaoua","Lalla Aaziza"
"MAR","Morocco","Chichaoua","Nfifa"
"MAR","Morocco","Chichaoua","Ouad Lbour"
"MAR","Morocco","Chichaoua","Sidi Ghanem"
"MAR","Morocco","Chichaoua","Timezgadiouine"
"MAR","Morocco","Chichaoua","Adassil"
"MAR","Morocco","Chichaoua","Assif El Mal"
"MAR","Morocco","Chichaoua","Douirane"
"MAR","Morocco","Chichaoua","Gmassa"
"MAR","Morocco","Chichaoua","Imindounit"
"MAR","Morocco","Chichaoua","M'Zouda"
"MAR","Morocco","Chichaoua","Majjat"
"MAR","Morocco","Chichaoua","Zaouiat Annahlia"
"MAR","Morocco","Chichaoua","Bouabout"
"MAR","Morocco","Chichaoua","Bouabout Amdlane"
"MAR","Morocco","Chichaoua","Ichamraren"
"MAR","Morocco","Chichaoua","Kouzemt"
"MAR","Morocco","Chichaoua","Rahhala"
"MAR","Morocco","Chichaoua","Sidi Abdelmoumen"
"MAR","Morocco","Chichaoua","Taouloukoult"
"MAR","Morocco","Chichaoua","Timlilt"
"MAR","Morocco","Chichaoua","Chichaoua"
"MAR","Morocco","Chichaoua","Imintanoute"
"MAR","Morocco","El Kelaâ des Sraghna","Chtaiba"
"MAR","Morocco","El Kelaâ des Sraghna","Eddachra"
"MAR","Morocco","El Kelaâ des Sraghna","El Aamria"
"MAR","Morocco","El Kelaâ des Sraghna","El Marbouh"
"MAR","Morocco","El Kelaâ des Sraghna","Errafiaya"
"MAR","Morocco","El Kelaâ des Sraghna","Hiadna"
"MAR","Morocco","El Kelaâ des Sraghna","Lounasda"
"MAR","Morocco","El Kelaâ des Sraghna","Mayate"
"MAR","Morocco","El Kelaâ des Sraghna","Oulad Aamer"
"MAR","Morocco","El Kelaâ des Sraghna","Oulad Bouali L'Ouad"
"MAR","Morocco","El Kelaâ des Sraghna","Oulad Cherki"
"MAR","Morocco","El Kelaâ des Sraghna","Oulad El Garne"
"MAR","Morocco","El Kelaâ des Sraghna","Oulad Massaoud"
"MAR","Morocco","El Kelaâ des Sraghna","Oulad Msabbel"
"MAR","Morocco","El Kelaâ des Sraghna","Oulad Sbih"
"MAR","Morocco","El Kelaâ des Sraghna","Oulad Yacoub"
"MAR","Morocco","El Kelaâ des Sraghna","Oulad Zarrad"
"MAR","Morocco","El Kelaâ des Sraghna","Sidi El Hattab"
"MAR","Morocco","El Kelaâ des Sraghna","Sidi Moussa"
"MAR","Morocco","El Kelaâ des Sraghna","Taouzint"
"MAR","Morocco","El Kelaâ des Sraghna","Znada"
"MAR","Morocco","El Kelaâ des Sraghna","Assahrij"
"MAR","Morocco","El Kelaâ des Sraghna","Bouya Omar"
"MAR","Morocco","El Kelaâ des Sraghna","Choara"
"MAR","Morocco","El Kelaâ des Sraghna","Dzouz"
"MAR","Morocco","El Kelaâ des Sraghna","Fraita"
"MAR","Morocco","El Kelaâ des Sraghna","Jbiel"
"MAR","Morocco","El Kelaâ des Sraghna","Jouala"
"MAR","Morocco","El Kelaâ des Sraghna","L'Ouad Lakhdar"
"MAR","Morocco","El Kelaâ des Sraghna","Laatamna"
"MAR","Morocco","El Kelaâ des Sraghna","Laattaouia Echchaybia"
"MAR","Morocco","El Kelaâ des Sraghna","M'Zem Sanhaja"
"MAR","Morocco","El Kelaâ des Sraghna","Ouargui"
"MAR","Morocco","El Kelaâ des Sraghna","Oulad Aarrad"
"MAR","Morocco","El Kelaâ des Sraghna","Oulad Khallouf"
"MAR","Morocco","El Kelaâ des Sraghna","Sidi Aissa Ben Slimane"
"MAR","Morocco","El Kelaâ des Sraghna","Sour El Aaz"
"MAR","Morocco","El Kelaâ des Sraghna","Zemrane"
"MAR","Morocco","El Kelaâ des Sraghna","Zemrane Charqia"
"MAR","Morocco","El Kelaâ des Sraghna","Ben Guerir"
"MAR","Morocco","El Kelaâ des Sraghna","Kelaat Sraghna"
"MAR","Morocco","El Kelaâ des Sraghna","Laataouia"
"MAR","Morocco","El Kelaâ des Sraghna","Sidi Rahhal"
"MAR","Morocco","El Kelaâ des Sraghna","Tamallalt"
"MAR","Morocco","El Kelaâ des Sraghna","Ait Hammou"
"MAR","Morocco","El Kelaâ des Sraghna","Ait Taleb"
"MAR","Morocco","El Kelaâ des Sraghna","Bouchane"
"MAR","Morocco","El Kelaâ des Sraghna","Jaafra"
"MAR","Morocco","El Kelaâ des Sraghna","Labrikiyne"
"MAR","Morocco","El Kelaâ des Sraghna","Oulad Aamer Tizmarine"
"MAR","Morocco","El Kelaâ des Sraghna","Oulad Hassoune Hamri"
"MAR","Morocco","El Kelaâ des Sraghna","Sidi Abdallah"
"MAR","Morocco","El Kelaâ des Sraghna","Sidi Ali Labrahla"
"MAR","Morocco","El Kelaâ des Sraghna","Sidi Ghanem"
"MAR","Morocco","El Kelaâ des Sraghna","Sidi Mansour"
"MAR","Morocco","El Kelaâ des Sraghna","Skhour Rhamna"
"MAR","Morocco","El Kelaâ des Sraghna","Skoura Lhadra"
"MAR","Morocco","El Kelaâ des Sraghna","Akarma"
"MAR","Morocco","El Kelaâ des Sraghna","Bourrous"
"MAR","Morocco","El Kelaâ des Sraghna","Jaidate"
"MAR","Morocco","El Kelaâ des Sraghna","Lamharra"
"MAR","Morocco","El Kelaâ des Sraghna","Nzalat Laadam"
"MAR","Morocco","El Kelaâ des Sraghna","Oulad Imloul"
"MAR","Morocco","El Kelaâ des Sraghna","Ras Ain Rhamna"
"MAR","Morocco","El Kelaâ des Sraghna","Sidi Bou Othmane"
"MAR","Morocco","El Kelaâ des Sraghna","Sidi Boubker"
"MAR","Morocco","El Kelaâ des Sraghna","Tlauh"
"MAR","Morocco","Essaouira","Ait Said"
"MAR","Morocco","Essaouira","Aqermoud"
"MAR","Morocco","Essaouira","Had Dra"
"MAR","Morocco","Essaouira","Kechoula"
"MAR","Morocco","Essaouira","Korimate"
"MAR","Morocco","Essaouira","Lagdadra"
"MAR","Morocco","Essaouira","Lahsinate"
"MAR","Morocco","Essaouira","M'Khalif"
"MAR","Morocco","Essaouira","M'Ramer"
"MAR","Morocco","Essaouira","Mejji"
"MAR","Morocco","Essaouira","Meskala"
"MAR","Morocco","Essaouira","Mouarid"
"MAR","Morocco","Essaouira","Moulay Bou Zarqtoune"
"MAR","Morocco","Essaouira","Mzilate"
"MAR","Morocco","Essaouira","Oulad  M'Rabet"
"MAR","Morocco","Essaouira","Ounagha"
"MAR","Morocco","Essaouira","Sidi Abdeljalil"
"MAR","Morocco","Essaouira","Sidi Aissa Regragui"
"MAR","Morocco","Essaouira","Sidi Ali El Korati"
"MAR","Morocco","Essaouira","Sidi Boulaalam"
"MAR","Morocco","Essaouira","Sidi Ishaq"
"MAR","Morocco","Essaouira","Sidi Laaroussi"
"MAR","Morocco","Essaouira","Sidi M'Hamed Ou Marzouq"
"MAR","Morocco","Essaouira","Tafetachte"
"MAR","Morocco","Essaouira","Takate"
"MAR","Morocco","Essaouira","Zaouiat Ben Hmida"
"MAR","Morocco","Essaouira","Ait Daoud"
"MAR","Morocco","Essaouira","El Hanchane"
"MAR","Morocco","Essaouira","Essaouira"
"MAR","Morocco","Essaouira","Talmest"
"MAR","Morocco","Essaouira","Tamanar"
"MAR","Morocco","Essaouira","Adaghas"
"MAR","Morocco","Essaouira","Aglif"
"MAR","Morocco","Essaouira","Aguerd"
"MAR","Morocco","Essaouira","Ait Aissi Ihahane"
"MAR","Morocco","Essaouira","Assais"
"MAR","Morocco","Essaouira","Bizdad"
"MAR","Morocco","Essaouira","Bouzemmour"
"MAR","Morocco","Essaouira","Ezzaouite"
"MAR","Morocco","Essaouira","Ida Ou Aazza"
"MAR","Morocco","Essaouira","Ida Ou Guelloul"
"MAR","Morocco","Essaouira","Ida Ou Kazzou"
"MAR","Morocco","Essaouira","Imgrade"
"MAR","Morocco","Essaouira","Imi N'Tlit"
"MAR","Morocco","Essaouira","Sidi Ahmed Essayeh"
"MAR","Morocco","Essaouira","Sidi El Jazouli"
"MAR","Morocco","Essaouira","Sidi Ghaneme"
"MAR","Morocco","Essaouira","Sidi H'Mad Ou Hamed"
"MAR","Morocco","Essaouira","Sidi H'Mad Ou M'Barek"
"MAR","Morocco","Essaouira","Sidi Kaouki"
"MAR","Morocco","Essaouira","Smimou"
"MAR","Morocco","Essaouira","Tafedna"
"MAR","Morocco","Essaouira","Tahelouante"
"MAR","Morocco","Essaouira","Takoucht"
"MAR","Morocco","Essaouira","Targante"
"MAR","Morocco","Essaouira","Tidzi"
"MAR","Morocco","Essaouira","Timizguida Ouftas"
"MAR","Morocco","Marrakech","Alouidane"
"MAR","Morocco","Marrakech","Harbil"
"MAR","Morocco","Marrakech","M'Nabha"
"MAR","Morocco","Marrakech","Ouahat Sidi Brahim"
"MAR","Morocco","Marrakech","Oulad Dlim"
"MAR","Morocco","Marrakech","Oulad Hassoune"
"MAR","Morocco","Marrakech","Agafay"
"MAR","Morocco","Marrakech","Ait Imour"
"MAR","Morocco","Marrakech","Loudaya"
"MAR","Morocco","Marrakech","Saada"
"MAR","Morocco","Marrakech","Sid Zouine"
"MAR","Morocco","Marrakech","Souihla"
"MAR","Morocco","Marrakech","Tassoultante"
"MAR","Morocco","Marrakech","Annakhil"
"MAR","Morocco","Marrakech","Machouar Kasba"
"MAR","Morocco","Marrakech","Marrakech Medina"
"MAR","Morocco","Marrakech","Menara Gueliz"
"MAR","Morocco","Marrakech","Sidi Youssef Ben Ali"
"MAR","Morocco","El Hajeb","Ait Ouikhalfen"
"MAR","Morocco","El Hajeb","Ait Yaazem"
"MAR","Morocco","El Hajeb","Jahjouh"
"MAR","Morocco","El Hajeb","Ras Ijerri"
"MAR","Morocco","El Hajeb","Tamchachate"
"MAR","Morocco","El Hajeb","Ait Boubidmane"
"MAR","Morocco","El Hajeb","Ait Harz Allah"
"MAR","Morocco","El Hajeb","Bitit"
"MAR","Morocco","El Hajeb","Laqsir"
"MAR","Morocco","El Hajeb","Ait Bourzouine"
"MAR","Morocco","El Hajeb","Ait Naamane"
"MAR","Morocco","El Hajeb","Iqaddar"
"MAR","Morocco","El Hajeb","Agourai"
"MAR","Morocco","El Hajeb","Ain Taoujdate"
"MAR","Morocco","El Hajeb","El Hajeb"
"MAR","Morocco","El Hajeb","Sbaa Aiyoun"
"MAR","Morocco","Errachidia","Aarab Sebbah Gheris"
"MAR","Morocco","Errachidia","Aarab Sebbah Ziz"
"MAR","Morocco","Errachidia","Alnif"
"MAR","Morocco","Errachidia","Essifa"
"MAR","Morocco","Errachidia","Fezna"
"MAR","Morocco","Errachidia","H'Ssyia"
"MAR","Morocco","Errachidia","M'Ssici"
"MAR","Morocco","Errachidia","Ait Hani"
"MAR","Morocco","Errachidia","Amellagou"
"MAR","Morocco","Errachidia","Assoul"
"MAR","Morocco","Errachidia","Aoufous"
"MAR","Morocco","Errachidia","Chorfa M'Daghra"
"MAR","Morocco","Errachidia","Errteb"
"MAR","Morocco","Errachidia","Lkheng"
"MAR","Morocco","Errachidia","Ouad Naam"
"MAR","Morocco","Errachidia","Ennzala"
"MAR","Morocco","Errachidia","Gourrama"
"MAR","Morocco","Errachidia","Guers Tiallaline"
"MAR","Morocco","Errachidia","Guir"
"MAR","Morocco","Errachidia","M'Zizel"
"MAR","Morocco","Errachidia","Sidi Aayad"
"MAR","Morocco","Errachidia","Zaouiat Sidi Hamza"
"MAR","Morocco","Errachidia","Bni M'Hamed Sijelmassa"
"MAR","Morocco","Errachidia","Errissani"
"MAR","Morocco","Errachidia","Essfalat"
"MAR","Morocco","Errachidia","Ettaous"
"MAR","Morocco","Errachidia","Sidi Ali"
"MAR","Morocco","Errachidia","Aghbalou N'Kerdous"
"MAR","Morocco","Errachidia","Ferkla El Oulia"
"MAR","Morocco","Errachidia","Ferkla Essoufia"
"MAR","Morocco","Errachidia","Gheris El Ouloui"
"MAR","Morocco","Errachidia","Gheris Essoufli"
"MAR","Morocco","Errachidia","Melaab"
"MAR","Morocco","Errachidia","Tadighoust"
"MAR","Morocco","Errachidia","Ait Yahya"
"MAR","Morocco","Errachidia","Amouguer"
"MAR","Morocco","Errachidia","Bou Azmou"
"MAR","Morocco","Errachidia","Imilchil"
"MAR","Morocco","Errachidia","Outerbat"
"MAR","Morocco","Errachidia","Arfoud"
"MAR","Morocco","Errachidia","Boudnib"
"MAR","Morocco","Errachidia","Errachidia"
"MAR","Morocco","Errachidia","Errich"
"MAR","Morocco","Errachidia","Goulmima"
"MAR","Morocco","Errachidia","Jorf"
"MAR","Morocco","Errachidia","Moulay Ali Cherif"
"MAR","Morocco","Errachidia","Tinejdad"
"MAR","Morocco","Ifrane","Ain Leuh"
"MAR","Morocco","Ifrane","Ben Smim"
"MAR","Morocco","Ifrane","Dayat Aoua"
"MAR","Morocco","Ifrane","Ouad Ifrane"
"MAR","Morocco","Ifrane","Sidi El Makhfi"
"MAR","Morocco","Ifrane","Tigrigra"
"MAR","Morocco","Ifrane","Timahdite"
"MAR","Morocco","Ifrane","Tizguite"
"MAR","Morocco","Ifrane","Azrou"
"MAR","Morocco","Ifrane","Ifrane"
"MAR","Morocco","Khénifra","Ait Ishaq"
"MAR","Morocco","Khénifra","Ait Saadelli"
"MAR","Morocco","Khénifra","El Kbab"
"MAR","Morocco","Khénifra","Kerrouchen"
"MAR","Morocco","Khénifra","Ouaoumana"
"MAR","Morocco","Khénifra","Sidi Yahya Ou Saad"
"MAR","Morocco","Khénifra","Tighassaline"
"MAR","Morocco","Khénifra","Aguelmam Azegza"
"MAR","Morocco","Khénifra","Aguelmous"
"MAR","Morocco","Khénifra","El Borj"
"MAR","Morocco","Khénifra","El Hammam"
"MAR","Morocco","Khénifra","Had Bouhssoussen"
"MAR","Morocco","Khénifra","Lehri"
"MAR","Morocco","Khénifra","Moha Ou Hammou Zayani"
"MAR","Morocco","Khénifra","Moulay Bouazza"
"MAR","Morocco","Khénifra","Oum Rabia"
"MAR","Morocco","Khénifra","Sebt Ait Rahou"
"MAR","Morocco","Khénifra","Sidi Amar"
"MAR","Morocco","Khénifra","Sidi Hcine"
"MAR","Morocco","Khénifra","Sidi Lamine"
"MAR","Morocco","Khénifra","Aghbalou"
"MAR","Morocco","Khénifra","Agoudim"
"MAR","Morocco","Khénifra","Ait Ayach"
"MAR","Morocco","Khénifra","Ait Ben Yacoub"
"MAR","Morocco","Khénifra","Ait Izdeg"
"MAR","Morocco","Khénifra","Amersid"
"MAR","Morocco","Khénifra","Anemzi"
"MAR","Morocco","Khénifra","Boumia"
"MAR","Morocco","Khénifra","Itzer"
"MAR","Morocco","Khénifra","Mibladen"
"MAR","Morocco","Khénifra","Sidi Yahya Ou Youssef"
"MAR","Morocco","Khénifra","Tanourdi"
"MAR","Morocco","Khénifra","Tizi N'Ghachou"
"MAR","Morocco","Khénifra","Tounfite"
"MAR","Morocco","Khénifra","Zaida"
"MAR","Morocco","Khénifra","Khenifra"
"MAR","Morocco","Khénifra","M'Rirt"
"MAR","Morocco","Khénifra","Midelt"
"MAR","Morocco","Meknès","Ain Jemaa"
"MAR","Morocco","Meknès","Ain Karma"
"MAR","Morocco","Meknès","Ain Orma"
"MAR","Morocco","Meknès","Ait Ouallal"
"MAR","Morocco","Meknès","Dar Oum Soltane"
"MAR","Morocco","Meknès","Ouad Rommane"
"MAR","Morocco","Meknès","Dkhissa"
"MAR","Morocco","Meknès","Majjate"
"MAR","Morocco","Meknès","Mhaya"
"MAR","Morocco","Meknès","Ouad Jdida"
"MAR","Morocco","Meknès","Sidi Slimane Moul Alkifane"
"MAR","Morocco","Meknès","Al Ismailia"
"MAR","Morocco","Meknès","Al Machouar Stina"
"MAR","Morocco","Meknès","Boufakrane"
"MAR","Morocco","Meknès","Hamrya"
"MAR","Morocco","Meknès","Maknassat Azzaytoun"
"MAR","Morocco","Meknès","Moulay Idriss Zerhoun"
"MAR","Morocco","Meknès","Ouislane"
"MAR","Morocco","Meknès","Toulal"
"MAR","Morocco","Meknès","Charqaoua"
"MAR","Morocco","Meknès","Karmet Ben Salem"
"MAR","Morocco","Meknès","Mghassiyine"
"MAR","Morocco","Meknès","Nzalat Bni Amar"
"MAR","Morocco","Meknès","Oualili"
"MAR","Morocco","Meknès","Sidi Abdallah Al Khatya"
"MAR","Morocco","Berkane Taourirt","Aghbal"
"MAR","Morocco","Berkane Taourirt","Fezouane"
"MAR","Morocco","Berkane Taourirt","Laatamna"
"MAR","Morocco","Berkane Taourirt","Madagh"
"MAR","Morocco","Berkane Taourirt","Boughriba"
"MAR","Morocco","Berkane Taourirt","Chouihiya"
"MAR","Morocco","Berkane Taourirt","Rislane"
"MAR","Morocco","Berkane Taourirt","Sidi Bouhria"
"MAR","Morocco","Berkane Taourirt","Tafoughalt"
"MAR","Morocco","Berkane Taourirt","Zegzel"
"MAR","Morocco","Berkane Taourirt","Ain Lehjer"
"MAR","Morocco","Berkane Taourirt","Mechraa Hammadi"
"MAR","Morocco","Berkane Taourirt","Mestegmer"
"MAR","Morocco","Berkane Taourirt","Tancherfi"
"MAR","Morocco","Berkane Taourirt","Ahfir"
"MAR","Morocco","Berkane Taourirt","Ain Erreggada"
"MAR","Morocco","Berkane Taourirt","Aklim"
"MAR","Morocco","Berkane Taourirt","Berkane"
"MAR","Morocco","Berkane Taourirt","El Aioun Sidi Mellouk"
"MAR","Morocco","Berkane Taourirt","Saidia"
"MAR","Morocco","Berkane Taourirt","Sidi Slimane Echcherraa"
"MAR","Morocco","Berkane Taourirt","Taourirt"
"MAR","Morocco","Berkane Taourirt","Ahl Ouad Za"
"MAR","Morocco","Berkane Taourirt","Gteter"
"MAR","Morocco","Berkane Taourirt","Melg El Ouidane"
"MAR","Morocco","Figuig","Ain Chouater"
"MAR","Morocco","Figuig","Bni Tadjite"
"MAR","Morocco","Figuig","Bouanane"
"MAR","Morocco","Figuig","Bouchaouene"
"MAR","Morocco","Figuig","Boumerieme"
"MAR","Morocco","Figuig","Talsint"
"MAR","Morocco","Figuig","Abbou Lakhal"
"MAR","Morocco","Figuig","Bni Guil"
"MAR","Morocco","Figuig","Maatarka"
"MAR","Morocco","Figuig","Tendrara"
"MAR","Morocco","Figuig","Bouarfa"
"MAR","Morocco","Figuig","Figuig"
"MAR","Morocco","Jerada","Bni Mthar"
"MAR","Morocco","Jerada","Mrija"
"MAR","Morocco","Jerada","Oulad Ghziyel"
"MAR","Morocco","Jerada","Oulad Sidi Abdelhakem"
"MAR","Morocco","Jerada","El Atef"
"MAR","Morocco","Jerada","Oulad M'Hammed"
"MAR","Morocco","Jerada","Sidi Ali Belkassem"
"MAR","Morocco","Jerada","Sidi Lahcen"
"MAR","Morocco","Jerada","Gafait"
"MAR","Morocco","Jerada","Guenfouda"
"MAR","Morocco","Jerada","Laaouinate"
"MAR","Morocco","Jerada","Lebkhata"
"MAR","Morocco","Jerada","Ras Asfoud"
"MAR","Morocco","Jerada","Sidi Boubker"
"MAR","Morocco","Jerada","Tiouli"
"MAR","Morocco","Jerada","Ain Bni Mathar"
"MAR","Morocco","Jerada","Debdou"
"MAR","Morocco","Jerada","Jrada"
"MAR","Morocco","Jerada","Touissit"
"MAR","Morocco","Nador","Ain Zohra"
"MAR","Morocco","Nador","Ait Mait"
"MAR","Morocco","Nador","Amejjaou"
"MAR","Morocco","Nador","Dar El Kebdani"
"MAR","Morocco","Nador","Driouch"
"MAR","Morocco","Nador","Oulad Boubker"
"MAR","Morocco","Nador","Tazaghine"
"MAR","Morocco","Nador","Bni Bouifrour"
"MAR","Morocco","Nador","Bni Chiker"
"MAR","Morocco","Nador","Bni Sidel Jbel"
"MAR","Morocco","Nador","Bni Sidel Louta"
"MAR","Morocco","Nador","Bouarg"
"MAR","Morocco","Nador","Farkhana"
"MAR","Morocco","Nador","Iaazzanene"
"MAR","Morocco","Nador","Ihaddadene"
"MAR","Morocco","Nador","Iksane"
"MAR","Morocco","Nador","Selouane"
"MAR","Morocco","Nador","Afsou"
"MAR","Morocco","Nador","Al Barkanyene"
"MAR","Morocco","Nador","Arekmane"
"MAR","Morocco","Nador","Bni Oukil Ouled M'Hand"
"MAR","Morocco","Nador","Hassi Berkane"
"MAR","Morocco","Nador","Oulad Daoud Zkhanine"
"MAR","Morocco","Nador","Oulad Settout"
"MAR","Morocco","Nador","Ras El Ma"
"MAR","Morocco","Nador","Tiztoutine"
"MAR","Morocco","Nador","Al Aaroui"
"MAR","Morocco","Nador","Bni Ansar"
"MAR","Morocco","Nador","Nador"
"MAR","Morocco","Nador","Zaio"
"MAR","Morocco","Nador","Zeghanghane"
"MAR","Morocco","Nador","Azlaf"
"MAR","Morocco","Nador","Ben Taieb"
"MAR","Morocco","Nador","Bni Marghnine"
"MAR","Morocco","Nador","Boudinar"
"MAR","Morocco","Nador","Iferni"
"MAR","Morocco","Nador","Ijermaouas"
"MAR","Morocco","Nador","M'Hajer"
"MAR","Morocco","Nador","Midar"
"MAR","Morocco","Nador","Ouardana"
"MAR","Morocco","Nador","Oulad Amghar"
"MAR","Morocco","Nador","Tafersit"
"MAR","Morocco","Nador","Talilit"
"MAR","Morocco","Nador","Temsamane"
"MAR","Morocco","Nador","Trougout"
"MAR","Morocco","Nador","Tsaft"
"MAR","Morocco","Oujda Angad","Bni Drar"
"MAR","Morocco","Oujda Angad","Neima"
"MAR","Morocco","Oujda Angad","Ouad Ennachef Sidi Maafa"
"MAR","Morocco","Oujda Angad","Oujda Sidi Ziane"
"MAR","Morocco","Oujda Angad","Sidi Driss El Qadi"
"MAR","Morocco","Oujda Angad","Sidi Yahya"
"MAR","Morocco","Oujda Angad","Ahl Angad"
"MAR","Morocco","Oujda Angad","Ain Sfa"
"MAR","Morocco","Oujda Angad","Bni Khaled"
"MAR","Morocco","Oujda Angad","Bsara"
"MAR","Morocco","Oujda Angad","Isly"
"MAR","Morocco","Oujda Angad","Mestferki"
"MAR","Morocco","Oujda Angad","Sidi Boulenouar"
"MAR","Morocco","Oujda Angad","Sidi Moussa Lemhaya"
"MAR","Morocco","Khémisset","Ait Mimoune"
"MAR","Morocco","Khémisset","Ait Ouribel"
"MAR","Morocco","Khémisset","Ait Siberne"
"MAR","Morocco","Khémisset","Ait Yadine"
"MAR","Morocco","Khémisset","El Ganzra"
"MAR","Morocco","Khémisset","Majmaa Tolba"
"MAR","Morocco","Khémisset","Sfassif"
"MAR","Morocco","Khémisset","Sidi Allal Lamsadder"
"MAR","Morocco","Khémisset","Sidi El Ghandour"
"MAR","Morocco","Khémisset","Khemisset"
"MAR","Morocco","Khémisset","Rommani"
"MAR","Morocco","Khémisset","Tiflet"
"MAR","Morocco","Khémisset","Ait Ichou"
"MAR","Morocco","Khémisset","Ait Ikkou"
"MAR","Morocco","Khémisset","Bouqachmir"
"MAR","Morocco","Khémisset","Houderrane"
"MAR","Morocco","Khémisset","Maaziz"
"MAR","Morocco","Khémisset","Oulmes"
"MAR","Morocco","Khémisset","Tiddas"
"MAR","Morocco","Khémisset","Ain Sbit"
"MAR","Morocco","Khémisset","Brachoua"
"MAR","Morocco","Khémisset","Ezzhiliga"
"MAR","Morocco","Khémisset","Jemaat Moul Blad"
"MAR","Morocco","Khémisset","Laghoualem"
"MAR","Morocco","Khémisset","Marchouch"
"MAR","Morocco","Khémisset","Moulay Driss Aghbal"
"MAR","Morocco","Khémisset","Ain Johra"
"MAR","Morocco","Khémisset","Ait Belkacem"
"MAR","Morocco","Khémisset","Ait Bouyahya El Hajjam"
"MAR","Morocco","Khémisset","Ait Malek"
"MAR","Morocco","Khémisset","Khemiss Sidi Yahya"
"MAR","Morocco","Khémisset","Mqam Tolba"
"MAR","Morocco","Khémisset","Sidi Abderrazak"
"MAR","Morocco","Khémisset","Sidi Allal El Bahraoui"
"MAR","Morocco","Khémisset","Sidi Boukhalkhal"
"MAR","Morocco","Rabat","Agdal Riyad"
"MAR","Morocco","Rabat","El Youssoufia"
"MAR","Morocco","Rabat","Rabat Hassan"
"MAR","Morocco","Rabat","Touarga"
"MAR","Morocco","Rabat","Yacoub El Mansour"
"MAR","Morocco","Salé","Hssaine"
"MAR","Morocco","Salé","Sale Bab Lamrissa"
"MAR","Morocco","Salé","Sale Bettana"
"MAR","Morocco","Salé","Sale Laayayda"
"MAR","Morocco","Salé","Sale Tabriquet"
"MAR","Morocco","Salé","Shoul"
"MAR","Morocco","Salé","Sidi Bouknadel"
"MAR","Morocco","Skhirate-Témara","El Menzeh"
"MAR","Morocco","Skhirate-Témara","Oumazza"
"MAR","Morocco","Skhirate-Témara","Sidi Yahya Zaer"
"MAR","Morocco","Skhirate-Témara","Ain El Aouda"
"MAR","Morocco","Skhirate-Témara","Harhoura"
"MAR","Morocco","Skhirate-Témara","Skhirate"
"MAR","Morocco","Skhirate-Témara","Temara"
"MAR","Morocco","Skhirate-Témara","Ain Attig"
"MAR","Morocco","Skhirate-Témara","Mers Elk Heir"
"MAR","Morocco","Skhirate-Témara","Sabbah"
"MAR","Morocco","Agadir-Ida ou Tanane","Amskroud"
"MAR","Morocco","Agadir-Ida ou Tanane","Aourir"
"MAR","Morocco","Agadir-Ida ou Tanane","Aqesri"
"MAR","Morocco","Agadir-Ida ou Tanane","Aziar"
"MAR","Morocco","Agadir-Ida ou Tanane","Drargua"
"MAR","Morocco","Agadir-Ida ou Tanane","Idmine"
"MAR","Morocco","Agadir-Ida ou Tanane","Immouzzer"
"MAR","Morocco","Agadir-Ida ou Tanane","Imsouane"
"MAR","Morocco","Agadir-Ida ou Tanane","Tadrart"
"MAR","Morocco","Agadir-Ida ou Tanane","Taghazout"
"MAR","Morocco","Agadir-Ida ou Tanane","Tamri"
"MAR","Morocco","Agadir-Ida ou Tanane","Tiqqi"
"MAR","Morocco","Agadir-Ida ou Tanane","Agadir"
"MAR","Morocco","Agadir-Ida ou Tanane","Anza"
"MAR","Morocco","Agadir-Ida ou Tanane","Bensergao"
"MAR","Morocco","Agadir-Ida ou Tanane","Tikouine"
"MAR","Morocco","Chtouka-Aït Baha","Ait Mzal"
"MAR","Morocco","Chtouka-Aït Baha","Ait Ouadrim"
"MAR","Morocco","Chtouka-Aït Baha","Aouguenz"
"MAR","Morocco","Chtouka-Aït Baha","Hilala"
"MAR","Morocco","Chtouka-Aït Baha","Ida Ou Gnidif"
"MAR","Morocco","Chtouka-Aït Baha","Sidi Abdallah El Bouchouari"
"MAR","Morocco","Chtouka-Aït Baha","Tanalt"
"MAR","Morocco","Chtouka-Aït Baha","Targa Ntouchka"
"MAR","Morocco","Chtouka-Aït Baha","Tassegdelt"
"MAR","Morocco","Chtouka-Aït Baha","Tizi Ntakoucht"
"MAR","Morocco","Chtouka-Aït Baha","Ait Milk"
"MAR","Morocco","Chtouka-Aït Baha","Belfaa"
"MAR","Morocco","Chtouka-Aït Baha","Inchaden"
"MAR","Morocco","Chtouka-Aït Baha","Massa"
"MAR","Morocco","Chtouka-Aït Baha","Sidi Ouassay"
"MAR","Morocco","Chtouka-Aït Baha","Ait Amira"
"MAR","Morocco","Chtouka-Aït Baha","Imi Mqourn"
"MAR","Morocco","Chtouka-Aït Baha","Ouad Essafa"
"MAR","Morocco","Chtouka-Aït Baha","Sidi Bibi"
"MAR","Morocco","Chtouka-Aït Baha","Sidi Boushab"
"MAR","Morocco","Chtouka-Aït Baha","Ait Baha"
"MAR","Morocco","Chtouka-Aït Baha","Biougra"
"MAR","Morocco","Inezgane-Aït Melloul","Lgliaa"
"MAR","Morocco","Inezgane-Aït Melloul","Oulad Dahou"
"MAR","Morocco","Inezgane-Aït Melloul","Temsia"
"MAR","Morocco","Inezgane-Aït Melloul","Ait Melloul"
"MAR","Morocco","Inezgane-Aït Melloul","Dcheira El Jihadia"
"MAR","Morocco","Inezgane-Aït Melloul","Inezgane"
"MAR","Morocco","Ouarzazate","Ait Zineb"
"MAR","Morocco","Ouarzazate","Amerzgane"
"MAR","Morocco","Ouarzazate","Aznaguen"
"MAR","Morocco","Ouarzazate","Ighrem N'Ougdal"
"MAR","Morocco","Ouarzazate","Khouzama"
"MAR","Morocco","Ouarzazate","Ouisselsate"
"MAR","Morocco","Ouarzazate","Siroua"
"MAR","Morocco","Ouarzazate","Telouet"
"MAR","Morocco","Ouarzazate","Tidli"
"MAR","Morocco","Ouarzazate","Ait El Farsi"
"MAR","Morocco","Ouarzazate","Ait Ouassif"
"MAR","Morocco","Ouarzazate","Ait Sedrate Jbel El Oulia"
"MAR","Morocco","Ouarzazate","Ait Sedrate Jbel Soufla"
"MAR","Morocco","Ouarzazate","Ait Sedrate Sahl Charkia"
"MAR","Morocco","Ouarzazate","Ait Sedrate Sahl El Gharbia"
"MAR","Morocco","Ouarzazate","Ait Youl"
"MAR","Morocco","Ouarzazate","Ighil N'Oumgoun"
"MAR","Morocco","Ouarzazate","Ikniouen"
"MAR","Morocco","Ouarzazate","Imider"
"MAR","Morocco","Ouarzazate","M'Semrir"
"MAR","Morocco","Ouarzazate","Ouaklim"
"MAR","Morocco","Ouarzazate","Souk Lakhmiss Dades"
"MAR","Morocco","Ouarzazate","Taghzoute N'Ait Atta"
"MAR","Morocco","Ouarzazate","Tilmi"
"MAR","Morocco","Ouarzazate","Toudgha El Oulia"
"MAR","Morocco","Ouarzazate","Toudgha Essoufla"
"MAR","Morocco","Ouarzazate","Boumalne Dades"
"MAR","Morocco","Ouarzazate","Kalaat M'Gouna"
"MAR","Morocco","Ouarzazate","Ouarzazate"
"MAR","Morocco","Ouarzazate","Taznakht"
"MAR","Morocco","Ouarzazate","Tinghir"
"MAR","Morocco","Ouarzazate","Ghassate"
"MAR","Morocco","Ouarzazate","Idelsane"
"MAR","Morocco","Ouarzazate","Imi N'Oulaoune"
"MAR","Morocco","Ouarzazate","Skoura Ahl El Oust"
"MAR","Morocco","Ouarzazate","Tarmigt"
"MAR","Morocco","Ouarzazate","Toundoute"
"MAR","Morocco","Ouarzazate","Afella N'Dra"
"MAR","Morocco","Ouarzazate","Afra"
"MAR","Morocco","Ouarzazate","Ait Boudaoud"
"MAR","Morocco","Ouarzazate","Ait Ouallal"
"MAR","Morocco","Ouarzazate","Bleida"
"MAR","Morocco","Ouarzazate","Bni Zoli"
"MAR","Morocco","Ouarzazate","Bouzeroual"
"MAR","Morocco","Ouarzazate","Errouha"
"MAR","Morocco","Ouarzazate","Fezouata"
"MAR","Morocco","Ouarzazate","Ktaoua"
"MAR","Morocco","Ouarzazate","M'Hamid El Ghizlane"
"MAR","Morocco","Ouarzazate","Mezguita"
"MAR","Morocco","Ouarzazate","N'Kob"
"MAR","Morocco","Ouarzazate","Oulad Yahya Lagraire"
"MAR","Morocco","Ouarzazate","Taftechna"
"MAR","Morocco","Ouarzazate","Taghbalte"
"MAR","Morocco","Ouarzazate","Tagounite"
"MAR","Morocco","Ouarzazate","Tamegroute"
"MAR","Morocco","Ouarzazate","Tamezmoute"
"MAR","Morocco","Ouarzazate","Tansifte"
"MAR","Morocco","Ouarzazate","Ternata"
"MAR","Morocco","Ouarzazate","Tinzouline"
"MAR","Morocco","Taroudannt","Adar"
"MAR","Morocco","Taroudannt","Ait Abdallah"
"MAR","Morocco","Taroudannt","Amalou"
"MAR","Morocco","Taroudannt","Azaghar N'Irs"
"MAR","Morocco","Taroudannt","Imaouen"
"MAR","Morocco","Taroudannt","Imi N'Tayart"
"MAR","Morocco","Taroudannt","Nihit"
"MAR","Morocco","Taroudannt","Oualqadi"
"MAR","Morocco","Taroudannt","Sidi Boaal"
"MAR","Morocco","Taroudannt","Sidi Mzal"
"MAR","Morocco","Taroudannt","Tabia"
"MAR","Morocco","Taroudannt","Tataoute"
"MAR","Morocco","Taroudannt","Tindine"
"MAR","Morocco","Taroudannt","Tisfane"
"MAR","Morocco","Taroudannt","Toufelaazt"
"MAR","Morocco","Taroudannt","Toumliline"
"MAR","Morocco","Taroudannt","Ait Iaaza"
"MAR","Morocco","Taroudannt","El Guerdane"
"MAR","Morocco","Taroudannt","Igherm"
"MAR","Morocco","Taroudannt","Oulad Berhil"
"MAR","Morocco","Taroudannt","Oulad Teima"
"MAR","Morocco","Taroudannt","Taliouine"
"MAR","Morocco","Taroudannt","Taroudannt"
"MAR","Morocco","Taroudannt","Aoulouz"
"MAR","Morocco","Taroudannt","Arazane"
"MAR","Morocco","Taroudannt","El Faid"
"MAR","Morocco","Taroudannt","Ida Ou Gailal"
"MAR","Morocco","Taroudannt","Ida Ougoummad"
"MAR","Morocco","Taroudannt","Igli"
"MAR","Morocco","Taroudannt","Igoudar Mnabha"
"MAR","Morocco","Taroudannt","Lamhara"
"MAR","Morocco","Taroudannt","Oulad Aissa"
"MAR","Morocco","Taroudannt","Ouneine"
"MAR","Morocco","Taroudannt","Ouzioua"
"MAR","Morocco","Taroudannt","Sidi Abdallah Ou Said"
"MAR","Morocco","Taroudannt","Sidi Ouaaziz"
"MAR","Morocco","Taroudannt","Tafingoult"
"MAR","Morocco","Taroudannt","Talgjount"
"MAR","Morocco","Taroudannt","Tigouga"
"MAR","Morocco","Taroudannt","Tinzart"
"MAR","Morocco","Taroudannt","Tisrasse"
"MAR","Morocco","Taroudannt","Tizi N'Test"
"MAR","Morocco","Taroudannt","Toughmart"
"MAR","Morocco","Taroudannt","Ahl Ramel"
"MAR","Morocco","Taroudannt","Argana"
"MAR","Morocco","Taroudannt","Assads"
"MAR","Morocco","Taroudannt","Bigoudine"
"MAR","Morocco","Taroudannt","Eddir"
"MAR","Morocco","Taroudannt","El Koudia El Beida"
"MAR","Morocco","Taroudannt","Imilmaiss"
"MAR","Morocco","Taroudannt","Issen"
"MAR","Morocco","Taroudannt","Lagfifat"
"MAR","Morocco","Taroudannt","Lakhnafif"
"MAR","Morocco","Taroudannt","Lamhadi"
"MAR","Morocco","Taroudannt","Machraa El Ain"
"MAR","Morocco","Taroudannt","Sidi Ahmed Ou Amar"
"MAR","Morocco","Taroudannt","Sidi Boumoussa"
"MAR","Morocco","Taroudannt","Sidi Moussa Lhamri"
"MAR","Morocco","Taroudannt","Talmakante"
"MAR","Morocco","Taroudannt","Tidsi Nissendalene"
"MAR","Morocco","Taroudannt","Agadir Melloul"
"MAR","Morocco","Taroudannt","Ahl Tifnoute"
"MAR","Morocco","Taroudannt","Askaouen"
"MAR","Morocco","Taroudannt","Assaisse"
"MAR","Morocco","Taroudannt","Assaki"
"MAR","Morocco","Taroudannt","Azrar"
"MAR","Morocco","Taroudannt","Iguidi"
"MAR","Morocco","Taroudannt","Sidi Hsaine"
"MAR","Morocco","Taroudannt","Taouyalte"
"MAR","Morocco","Taroudannt","Tassousfi"
"MAR","Morocco","Taroudannt","Tizgazaouine"
"MAR","Morocco","Taroudannt","Toubkal"
"MAR","Morocco","Taroudannt","Zagmouzen"
"MAR","Morocco","Taroudannt","Ahmar Laglalcha"
"MAR","Morocco","Taroudannt","Ait Igas"
"MAR","Morocco","Taroudannt","Ait Makhlouf"
"MAR","Morocco","Taroudannt","Bounrar"
"MAR","Morocco","Taroudannt","Freija"
"MAR","Morocco","Taroudannt","Ida Ou Moumen"
"MAR","Morocco","Taroudannt","Imoulass"
"MAR","Morocco","Taroudannt","Lamnizla"
"MAR","Morocco","Taroudannt","Sidi Ahmed Ou Abdellah"
"MAR","Morocco","Taroudannt","Sidi Borja"
"MAR","Morocco","Taroudannt","Sidi Dahmane"
"MAR","Morocco","Taroudannt","Tafraouten"
"MAR","Morocco","Taroudannt","Tamaloukte"
"MAR","Morocco","Taroudannt","Tazemmourt"
"MAR","Morocco","Taroudannt","Tiout"
"MAR","Morocco","Taroudannt","Zaouiat Sidi Tahar"
"MAR","Morocco","Tiznit","Ait Issafen"
"MAR","Morocco","Tiznit","Anzi"
"MAR","Morocco","Tiznit","Arbaa Ait Ahmed"
"MAR","Morocco","Tiznit","Ida Ou Gougmar"
"MAR","Morocco","Tiznit","Sidi Ahmed Ou Moussa"
"MAR","Morocco","Tiznit","Tafraout El Mouloud"
"MAR","Morocco","Tiznit","Tighmi"
"MAR","Morocco","Tiznit","Tizoughrane"
"MAR","Morocco","Tiznit","Tnine Aday"
"MAR","Morocco","Tiznit","Arbaa Ait Abdallah"
"MAR","Morocco","Tiznit","Imi N'Fast"
"MAR","Morocco","Tiznit","Mesti"
"MAR","Morocco","Tiznit","Mirleft"
"MAR","Morocco","Tiznit","Sbouya"
"MAR","Morocco","Tiznit","Tangarfa"
"MAR","Morocco","Tiznit","Tioughza"
"MAR","Morocco","Tiznit","Tnine Amellou"
"MAR","Morocco","Tiznit","Ait Erkha"
"MAR","Morocco","Tiznit","Anfeg"
"MAR","Morocco","Tiznit","Boutrouch"
"MAR","Morocco","Tiznit","Ibdar"
"MAR","Morocco","Tiznit","Sebt Ennabour"
"MAR","Morocco","Tiznit","Sidi Abdallah Ou Belaid"
"MAR","Morocco","Tiznit","Sidi H'Saine Ou Ali"
"MAR","Morocco","Tiznit","Sidi M'Bark"
"MAR","Morocco","Tiznit","Tighirt"
"MAR","Morocco","Tiznit","Lakhsas"
"MAR","Morocco","Tiznit","Sidi Ifni"
"MAR","Morocco","Tiznit","Tafraout"
"MAR","Morocco","Tiznit","Tiznit"
"MAR","Morocco","Tiznit","Afella Ighir"
"MAR","Morocco","Tiznit","Ait Ouafqa"
"MAR","Morocco","Tiznit","Ammelne"
"MAR","Morocco","Tiznit","Irigh N'Tahala"
"MAR","Morocco","Tiznit","Tarsouat"
"MAR","Morocco","Tiznit","Tassrirt"
"MAR","Morocco","Tiznit","Arbaa Rasmouka"
"MAR","Morocco","Tiznit","Arbaa Sahel"
"MAR","Morocco","Tiznit","Bounaamane"
"MAR","Morocco","Tiznit","El Maader El Kabir"
"MAR","Morocco","Tiznit","Ouijjane"
"MAR","Morocco","Tiznit","Reggada"
"MAR","Morocco","Tiznit","Sidi Bouabdelli"
"MAR","Morocco","Tiznit","Tnine Aglou"
"MAR","Morocco","Zagora","Agdz"
"MAR","Morocco","Zagora","Zagora"
"MAR","Morocco","Zagora","Tazarine"
"MAR","Morocco","Azilal","Agoudi N'Lkhair"
"MAR","Morocco","Azilal","Ait Abbas"
"MAR","Morocco","Azilal","Ait Bou Oulli"
"MAR","Morocco","Azilal","Ait M'Hamed"
"MAR","Morocco","Azilal","Tabant"
"MAR","Morocco","Azilal","Tamda Noumercid"
"MAR","Morocco","Azilal","Zaouiat Ahansal"
"MAR","Morocco","Azilal","Ait Taguella"
"MAR","Morocco","Azilal","Bni Ayat"
"MAR","Morocco","Azilal","Bni Hassane"
"MAR","Morocco","Azilal","Bzou"
"MAR","Morocco","Azilal","Foum Jemaa"
"MAR","Morocco","Azilal","Moulay Aissa Ben Driss"
"MAR","Morocco","Azilal","Rfala"
"MAR","Morocco","Azilal","Tabia"
"MAR","Morocco","Azilal","Tanant"
"MAR","Morocco","Azilal","Taounza"
"MAR","Morocco","Azilal","Tisqi"
"MAR","Morocco","Azilal","Ait Blal"
"MAR","Morocco","Azilal","Ait Majden"
"MAR","Morocco","Azilal","Ait Oumdis"
"MAR","Morocco","Azilal","Ait Tamlil"
"MAR","Morocco","Azilal","Anzou"
"MAR","Morocco","Azilal","Imlil"
"MAR","Morocco","Azilal","Ouaoula"
"MAR","Morocco","Azilal","Sidi Boulkhalf"
"MAR","Morocco","Azilal","Sidi Yacoub"
"MAR","Morocco","Azilal","Tidili Fetouaka"
"MAR","Morocco","Azilal","Tifni"
"MAR","Morocco","Azilal","Azilal"
"MAR","Morocco","Azilal","Demnate"
"MAR","Morocco","Azilal","Afouraf"
"MAR","Morocco","Azilal","Ait Mazigh"
"MAR","Morocco","Azilal","Ait Ouaarda"
"MAR","Morocco","Azilal","Ait Ouqabli"
"MAR","Morocco","Azilal","Anergui"
"MAR","Morocco","Azilal","Bin El Ouidane"
"MAR","Morocco","Azilal","Isseksi"
"MAR","Morocco","Azilal","Ouaouizaght"
"MAR","Morocco","Azilal","Tabaroucht"
"MAR","Morocco","Azilal","Tagleft"
"MAR","Morocco","Azilal","Tiffert N'Ait Hamza"
"MAR","Morocco","Azilal","Tilougguite"
"MAR","Morocco","Azilal","Timoulilt"
"MAR","Morocco","Béni Mellal","Foum Oudi"
"MAR","Morocco","Béni Mellal","Oulad Gnaou"
"MAR","Morocco","Béni Mellal","Oulad M'Barek"
"MAR","Morocco","Béni Mellal","Oulad Yaich"
"MAR","Morocco","Béni Mellal","Sidi Jaber"
"MAR","Morocco","Béni Mellal","Dar Ould Zidouh"
"MAR","Morocco","Béni Mellal","Had Boumoussa"
"MAR","Morocco","Béni Mellal","Oulad Bourahmoune"
"MAR","Morocco","Béni Mellal","Oulad Nacer"
"MAR","Morocco","Béni Mellal","Oulad Zmam"
"MAR","Morocco","Béni Mellal","Sidi Aissa Ben Ali"
"MAR","Morocco","Béni Mellal","Sidi Hammadi"
"MAR","Morocco","Béni Mellal","Aghbala"
"MAR","Morocco","Béni Mellal","Ait Oum El Bekht"
"MAR","Morocco","Béni Mellal","Boutferda"
"MAR","Morocco","Béni Mellal","Dir El Ksiba"
"MAR","Morocco","Béni Mellal","Foum El Anceur"
"MAR","Morocco","Béni Mellal","Naour"
"MAR","Morocco","Béni Mellal","Taghzirt"
"MAR","Morocco","Béni Mellal","Tanougha"
"MAR","Morocco","Béni Mellal","Tizi N'Isly"
"MAR","Morocco","Béni Mellal","Al Khalfia"
"MAR","Morocco","Béni Mellal","Bni Chegdale"
"MAR","Morocco","Béni Mellal","Bni Oukil"
"MAR","Morocco","Béni Mellal","Bradia"
"MAR","Morocco","Béni Mellal","Hel Merbaa"
"MAR","Morocco","Béni Mellal","Krifate"
"MAR","Morocco","Béni Mellal","Guettaya"
"MAR","Morocco","Béni Mellal","Oulad Said L'Oulad"
"MAR","Morocco","Béni Mellal","Oulad Youssef"
"MAR","Morocco","Béni Mellal","Semguet"
"MAR","Morocco","Béni Mellal","Beni Mellal"
"MAR","Morocco","Béni Mellal","El Ksiba"
"MAR","Morocco","Béni Mellal","Fquih Ben Salah"
"MAR","Morocco","Béni Mellal","Kasba Tadla"
"MAR","Morocco","Béni Mellal","Oulad Ayad"
"MAR","Morocco","Béni Mellal","Souk Sebt Oulad Nemma"
"MAR","Morocco","Béni Mellal","Zaouiat Cheikh"
"MAR","Morocco","Chefchaouen","Amtar"
"MAR","Morocco","Chefchaouen","Bab Berred"
"MAR","Morocco","Chefchaouen","Bni Ahmed Cherqia"
"MAR","Morocco","Chefchaouen","Bni Ahmed Gharbia"
"MAR","Morocco","Chefchaouen","Bni Rzine"
"MAR","Morocco","Chefchaouen","Bni Smih"
"MAR","Morocco","Chefchaouen","Iounane"
"MAR","Morocco","Chefchaouen","Mansoura"
"MAR","Morocco","Chefchaouen","Mtioua"
"MAR","Morocco","Chefchaouen","Ouad Malha"
"MAR","Morocco","Chefchaouen","Ouaouzgane"
"MAR","Morocco","Chefchaouen","Tamorot"
"MAR","Morocco","Chefchaouen","Bab Taza"
"MAR","Morocco","Chefchaouen","Bni Darkoul"
"MAR","Morocco","Chefchaouen","Bni Faghloum"
"MAR","Morocco","Chefchaouen","Bni Salah"
"MAR","Morocco","Chefchaouen","Derdara"
"MAR","Morocco","Chefchaouen","Fifi"
"MAR","Morocco","Chefchaouen","Laghdir"
"MAR","Morocco","Chefchaouen","Tanaqoub"
"MAR","Morocco","Chefchaouen","Bni Bouzra"
"MAR","Morocco","Chefchaouen","Bni Mansour"
"MAR","Morocco","Chefchaouen","Bni Selmane"
"MAR","Morocco","Chefchaouen","Steha"
"MAR","Morocco","Chefchaouen","Talambote"
"MAR","Morocco","Chefchaouen","Tassift"
"MAR","Morocco","Chefchaouen","Tizgane"
"MAR","Morocco","Chefchaouen","Ain Beida"
"MAR","Morocco","Chefchaouen","Asjen"
"MAR","Morocco","Chefchaouen","Brikcha"
"MAR","Morocco","Chefchaouen","Kalaat Bouqorra"
"MAR","Morocco","Chefchaouen","Moqrissat"
"MAR","Morocco","Chefchaouen","Zoumi"
"MAR","Morocco","Chefchaouen","Chefchaouene"
"MAR","Morocco","Fahs Anjra","Al Bahraoyine"
"MAR","Morocco","Fahs Anjra","Ksar Sghir"
"MAR","Morocco","Fahs Anjra","Laaouama"
"MAR","Morocco","Fahs Anjra","Malloussa"
"MAR","Morocco","Fahs Anjra","Bni Makada"
"MAR","Morocco","Larache","Bou Jedyane"
"MAR","Morocco","Larache","Ksar Bjir"
"MAR","Morocco","Larache","Laouamra"
"MAR","Morocco","Larache","Oulad Ouchich"
"MAR","Morocco","Larache","Souaken"
"MAR","Morocco","Larache","Souk L'Qolla"
"MAR","Morocco","Larache","Souk Tolba"
"MAR","Morocco","Larache","Tatoft"
"MAR","Morocco","Larache","Zouada"
"MAR","Morocco","Larache","Ayacha"
"MAR","Morocco","Larache","Bni Arouss"
"MAR","Morocco","Larache","Bni Garfett"
"MAR","Morocco","Larache","Rissana Chamalia"
"MAR","Morocco","Larache","Rissana Janoubia"
"MAR","Morocco","Larache","Sahel"
"MAR","Morocco","Larache","Tazroute"
"MAR","Morocco","Larache","Zaaroura"
"MAR","Morocco","Larache","Ksar El Kebir"
"MAR","Morocco","Larache","Larache"
"MAR","Morocco","Tanger-Assilah","Al Manzla"
"MAR","Morocco","Tanger-Assilah","Aqouass Briech"
"MAR","Morocco","Tanger-Assilah","Azzinate"
"MAR","Morocco","Tanger-Assilah","Dar Chaoui"
"MAR","Morocco","Tanger-Assilah","Lkhaloua"
"MAR","Morocco","Tanger-Assilah","Sahel Chamali"
"MAR","Morocco","Tanger-Assilah","Sidi El Yamani"
"MAR","Morocco","Tanger-Assilah","Boukhalef"
"MAR","Morocco","Tanger-Assilah","Assilah"
"MAR","Morocco","Tanger-Assilah","Charf"
"MAR","Morocco","Tanger-Assilah","Tanger"
"MAR","Morocco","Tétouan","Ain Lahsan"
"MAR","Morocco","Tétouan","Allyene"
"MAR","Morocco","Tétouan","Anjra"
"MAR","Morocco","Tétouan","Bni Harchen"
"MAR","Morocco","Tétouan","Jbel Lahbib"
"MAR","Morocco","Tétouan","Jouamaa"
"MAR","Morocco","Tétouan","Ksar El Majaz"
"MAR","Morocco","Tétouan","Mallalienne"
"MAR","Morocco","Tétouan","Saddina"
"MAR","Morocco","Tétouan","Souk Kdim"
"MAR","Morocco","Tétouan","Taghramt"
"MAR","Morocco","Tétouan","Fnidq"
"MAR","Morocco","Tétouan","M'Diq"
"MAR","Morocco","Tétouan","Martil"
"MAR","Morocco","Tétouan","Ouad Laou"
"MAR","Morocco","Tétouan","Tetouan Al Azhar"
"MAR","Morocco","Tétouan","Tetouan Sidi Al Mandri"
"MAR","Morocco","Tétouan","Al Hamra"
"MAR","Morocco","Tétouan","Al Kharroub"
"MAR","Morocco","Tétouan","Al Ouad"
"MAR","Morocco","Tétouan","Azla"
"MAR","Morocco","Tétouan","Bghaghza"
"MAR","Morocco","Tétouan","Bni Idder"
"MAR","Morocco","Tétouan","Bni Leit"
"MAR","Morocco","Tétouan","Bni Said"
"MAR","Morocco","Tétouan","Dar Bni Karrich"
"MAR","Morocco","Tétouan","Oulad Ali Mansour"
"MAR","Morocco","Tétouan","Sahtryine"
"MAR","Morocco","Tétouan","Zaitoune"
"MAR","Morocco","Tétouan","Zaouiat Sidi Kacem"
"MAR","Morocco","Tétouan","Zinat"
"MAR","Morocco","Al Hoceïma","Bni Boufrah"
"MAR","Morocco","Al Hoceïma","Bni Gmil"
"MAR","Morocco","Al Hoceïma","Bni Gmil Maksouline"
"MAR","Morocco","Al Hoceïma","Senada"
"MAR","Morocco","Al Hoceïma","Ait Kamra"
"MAR","Morocco","Al Hoceïma","Ait Youssef Ouali"
"MAR","Morocco","Al Hoceïma","Arbaa Taourirt"
"MAR","Morocco","Al Hoceïma","Bni Abdallah"
"MAR","Morocco","Al Hoceïma","Bni Hafida"
"MAR","Morocco","Al Hoceïma","Chakrane"
"MAR","Morocco","Al Hoceïma","Imrabten"
"MAR","Morocco","Al Hoceïma","Izemmouren"
"MAR","Morocco","Al Hoceïma","Louta"
"MAR","Morocco","Al Hoceïma","Nekkour"
"MAR","Morocco","Al Hoceïma","Rouadi"
"MAR","Morocco","Al Hoceïma","Tifarouine"
"MAR","Morocco","Al Hoceïma","Zaouiat Sidi Abdelkader"
"MAR","Morocco","Al Hoceïma","Al Hoceima"
"MAR","Morocco","Al Hoceïma","Bni Bouayach"
"MAR","Morocco","Al Hoceïma","Imzouren"
"MAR","Morocco","Al Hoceïma","Targuist"
"MAR","Morocco","Al Hoceïma","Abdelghaya Souahel"
"MAR","Morocco","Al Hoceïma","Bni Ahmed Imoukzan"
"MAR","Morocco","Al Hoceïma","Bni Ammart"
"MAR","Morocco","Al Hoceïma","Bni Bchir"
"MAR","Morocco","Al Hoceïma","Bni Bouchibet"
"MAR","Morocco","Al Hoceïma","Bni Bounsar"
"MAR","Morocco","Al Hoceïma","Issaguen"
"MAR","Morocco","Al Hoceïma","Ketama"
"MAR","Morocco","Al Hoceïma","Moulay Ahmed Cherif"
"MAR","Morocco","Al Hoceïma","Sidi Boutmim"
"MAR","Morocco","Al Hoceïma","Sidi Bouzineb"
"MAR","Morocco","Al Hoceïma","Taghzout"
"MAR","Morocco","Al Hoceïma","Tamsaout"
"MAR","Morocco","Al Hoceïma","Zarkat"
"MAR","Morocco","Taounate","El Bibane"
"MAR","Morocco","Taounate","Galaz"
"MAR","Morocco","Taounate","Kissane"
"MAR","Morocco","Taounate","Oudka"
"MAR","Morocco","Taounate","Ourtzagh"
"MAR","Morocco","Taounate","Ratba"
"MAR","Morocco","Taounate","Sidi Lhaj M'Hamed"
"MAR","Morocco","Taounate","Sidi Mokhfi"
"MAR","Morocco","Taounate","Sidi Yahya Bni Zeroual"
"MAR","Morocco","Taounate","Tabouda"
"MAR","Morocco","Taounate","Tafrant"
"MAR","Morocco","Taounate","Timezgana"
"MAR","Morocco","Taounate","Bni Snous"
"MAR","Morocco","Taounate","Bouchabel"
"MAR","Morocco","Taounate","Ghouazi"
"MAR","Morocco","Taounate","Jbabra"
"MAR","Morocco","Taounate","Loulja"
"MAR","Morocco","Taounate","Mkansa"
"MAR","Morocco","Taounate","Moulay Abdelkrim"
"MAR","Morocco","Taounate","Moulay Bouchta"
"MAR","Morocco","Taounate","Sidi El Abed"
"MAR","Morocco","Taounate","Ghafsai"
"MAR","Morocco","Taounate","Kariat Ba Mohamed"
"MAR","Morocco","Taounate","Taouante"
"MAR","Morocco","Taounate","Thar Essouk"
"MAR","Morocco","Taounate","Tissa"
"MAR","Morocco","Taounate","Ain Mediouna"
"MAR","Morocco","Taounate","Bni Oulid"
"MAR","Morocco","Taounate","Bni Ounjel Tafraout"
"MAR","Morocco","Taounate","Bouadel"
"MAR","Morocco","Taounate","Bouhouda"
"MAR","Morocco","Taounate","Fennassa Bab El Hit"
"MAR","Morocco","Taounate","Khlalfa"
"MAR","Morocco","Taounate","Mezraoua"
"MAR","Morocco","Taounate","Rghioua"
"MAR","Morocco","Taounate","Tamedit"
"MAR","Morocco","Taounate","Zrizer"
"MAR","Morocco","Taounate","Ain Aicha"
"MAR","Morocco","Taounate","Ain Legdah"
"MAR","Morocco","Taounate","Ain Maatouf"
"MAR","Morocco","Taounate","Bouarouss"
"MAR","Morocco","Taounate","El Bsabsa"
"MAR","Morocco","Taounate","Messassa"
"MAR","Morocco","Taounate","Ouad Jemaa"
"MAR","Morocco","Taounate","Oulad Ayyad"
"MAR","Morocco","Taounate","Oulad Daoud"
"MAR","Morocco","Taounate","Outabouabane"
"MAR","Morocco","Taounate","Ras El Ouad"
"MAR","Morocco","Taounate","Sidi M'Hamed Ben Lahcen"
"MAR","Morocco","Taza","Ajdir"
"MAR","Morocco","Taza","Bourd"
"MAR","Morocco","Taza","Gzenaya Al Janoubia"
"MAR","Morocco","Taza","Jbarna"
"MAR","Morocco","Taza","Sidi Ali Bourakba"
"MAR","Morocco","Taza","Tizi Ouasli"
"MAR","Morocco","Taza","Assebbab"
"MAR","Morocco","Taza","Barkine"
"MAR","Morocco","Taza","Houara Oulad Raho"
"MAR","Morocco","Taza","Lamrija"
"MAR","Morocco","Taza","Mazguitam"
"MAR","Morocco","Taza","Oulad Bourima"
"MAR","Morocco","Taza","Ras Laksar"
"MAR","Morocco","Taza","Saka"
"MAR","Morocco","Taza","Taddart"
"MAR","Morocco","Taza","Aknoul"
"MAR","Morocco","Taza","Guercif"
"MAR","Morocco","Taza","Ouad Amlil"
"MAR","Morocco","Taza","Tahla"
"MAR","Morocco","Taza","Taza Al Oulia"
"MAR","Morocco","Taza","Taza El Jadida"
"MAR","Morocco","Taza","Bni Frassen"
"MAR","Morocco","Taza","Bouchfaa"
"MAR","Morocco","Taza","Bouhlou"
"MAR","Morocco","Taza","Ghiata Al Gharbia"
"MAR","Morocco","Taza","Oulad Zbair"
"MAR","Morocco","Taza","Rbaa El Fouki"
"MAR","Morocco","Taza","Ait Saghrouchen"
"MAR","Morocco","Taza","Bouyablane"
"MAR","Morocco","Taza","Maghraoua"
"MAR","Morocco","Taza","Matmata"
"MAR","Morocco","Taza","Smiaa"
"MAR","Morocco","Taza","Tazarine"
"MAR","Morocco","Taza","Zrarda"
"MAR","Morocco","Taza","Bni Ftah"
"MAR","Morocco","Taza","Bragha"
"MAR","Morocco","Taza","El Gouzate"
"MAR","Morocco","Taza","Kaf El Ghar"
"MAR","Morocco","Taza","Msila"
"MAR","Morocco","Taza","Taifa"
"MAR","Morocco","Taza","Tainaste"
"MAR","Morocco","Taza","Traiba"
"MAR","Morocco","Taza","Bab Boudir"
"MAR","Morocco","Taza","Bab Marzouka"
"MAR","Morocco","Taza","Bni Lent"
"MAR","Morocco","Taza","Galdamane"
"MAR","Morocco","Taza","Meknassa Acharqia"
"MAR","Morocco","Taza","Meknassa Algharbia"
"MAR","Morocco","Taza","Oulad Chrif"
"ARE","United Arab Emirates","Abu Dhabi","Abu Dhabi"
"ARE","United Arab Emirates","Abu Dhabi","Abu Dhabi Abu Al Abyad"
"ARE","United Arab Emirates","Abu Dhabi","Abu Dhabi Abu Dhabi Island"
"ARE","United Arab Emirates","Abu Dhabi","Abu Dhabi Airport District"
"ARE","United Arab Emirates","Abu Dhabi","Abu Dhabi Al Falah"
"ARE","United Arab Emirates","Abu Dhabi","Abu Dhabi Al Jubail Island"
"ARE","United Arab Emirates","Abu Dhabi","Abu Dhabi Al Meena"
"ARE","United Arab Emirates","Abu Dhabi","Abu Dhabi Al Raha"
"ARE","United Arab Emirates","Abu Dhabi","Abu Dhabi Al Rahba"
"ARE","United Arab Emirates","Abu Dhabi","Abu Dhabi Al Reef"
"ARE","United Arab Emirates","Abu Dhabi","Abu Dhabi Al Reem"
"ARE","United Arab Emirates","Abu Dhabi","Abu Dhabi Al Shahama"
"ARE","United Arab Emirates","Abu Dhabi","Abu Dhabi Al Suwwah"
"ARE","United Arab Emirates","Abu Dhabi","Abu Dhabi Al Weheil Island"
"ARE","United Arab Emirates","Abu Dhabi","Abu Dhabi Bairimayd Island"
"ARE","United Arab Emirates","Abu Dhabi","Abu Dhabi Balghelam Island"
"ARE","United Arab Emirates","Abu Dhabi","Abu Dhabi Ban Al Jesrain"
"ARE","United Arab Emirates","Abu Dhabi","Abu Dhabi Bani Yas"
"ARE","United Arab Emirates","Abu Dhabi","Abu Dhabi Capital District"
"ARE","United Arab Emirates","Abu Dhabi","Abu Dhabi Central Business District"
"ARE","United Arab Emirates","Abu Dhabi","Abu Dhabi Desert Villages"
"ARE","United Arab Emirates","Abu Dhabi","Abu Dhabi Ghantoot"
"ARE","United Arab Emirates","Abu Dhabi","Abu Dhabi Grand Mosque District"
"ARE","United Arab Emirates","Abu Dhabi","Abu Dhabi Hudayriat Island"
"ARE","United Arab Emirates","Abu Dhabi","Abu Dhabi Inner Islands"
"ARE","United Arab Emirates","Abu Dhabi","Abu Dhabi Khalifa City A"
"ARE","United Arab Emirates","Abu Dhabi","Abu Dhabi Khalifa City B"
"ARE","United Arab Emirates","Abu Dhabi","Abu Dhabi Lulu Island"
"ARE","United Arab Emirates","Abu Dhabi","Abu Dhabi Mafraq"
"ARE","United Arab Emirates","Abu Dhabi","Abu Dhabi Marina Village"
"ARE","United Arab Emirates","Abu Dhabi","Abu Dhabi Mohamed Bin Zayet City"
"ARE","United Arab Emirates","Abu Dhabi","Abu Dhabi Musaffah"
"ARE","United Arab Emirates","Abu Dhabi","Abu Dhabi New Port City"
"ARE","United Arab Emirates","Abu Dhabi","Abu Dhabi Ramhan Island"
"ARE","United Arab Emirates","Abu Dhabi","Abu Dhabi Ras Ghurab Island"
"ARE","United Arab Emirates","Abu Dhabi","Abu Dhabi Saadiyat Island"
"ARE","United Arab Emirates","Abu Dhabi","Abu Dhabi Shamkhah"
"ARE","United Arab Emirates","Abu Dhabi","Abu Dhabi Sir Abu Nu'Ayr"
"ARE","United Arab Emirates","Abu Dhabi","Abu Dhabi Umm Yifenah Island"
"ARE","United Arab Emirates","Abu Dhabi","Abu Dhabi Yas Island"
"ARE","United Arab Emirates","Abu Dhabi","Abu Dhabi Zayid Military Town"
"ARE","United Arab Emirates","Abu Dhabi","Abu Dhabi Zeraa Island"
"ARE","United Arab Emirates","Abu Dhabi","Al Ain Abu Huraybah"
"ARE","United Arab Emirates","Abu Dhabi","Al Ain Abu Krayyah"
"ARE","United Arab Emirates","Abu Dhabi","Al Ain Aflaj"
"ARE","United Arab Emirates","Abu Dhabi","Al Ain Ain Al Fayda"
"ARE","United Arab Emirates","Abu Dhabi","Al Ain Airport East District"
"ARE","United Arab Emirates","Abu Dhabi","Al Ain Al Agabiyaa"
"ARE","United Arab Emirates","Abu Dhabi","Al Ain Al Ain International Airport"
"ARE","United Arab Emirates","Abu Dhabi","Al Ain Al Ajban"
"ARE","United Arab Emirates","Abu Dhabi","Al Ain Al Araad"
"ARE","United Arab Emirates","Abu Dhabi","Al Ain Al Bateen"
"ARE","United Arab Emirates","Abu Dhabi","Al Ain Al Dahmaa"
"ARE","United Arab Emirates","Abu Dhabi","Al Ain Al Dharha"
"ARE","United Arab Emirates","Abu Dhabi","Al Ain Al Faqa"
"ARE","United Arab Emirates","Abu Dhabi","Al Ain Al Foah"
"ARE","United Arab Emirates","Abu Dhabi","Al Ain Al Hayer"
"ARE","United Arab Emirates","Abu Dhabi","Al Ain Al Jahli"
"ARE","United Arab Emirates","Abu Dhabi","Al Ain Al Jimi"
"ARE","United Arab Emirates","Abu Dhabi","Al Ain Al Khabisi"
"ARE","United Arab Emirates","Abu Dhabi","Al Ain Al Khazna"
"ARE","United Arab Emirates","Abu Dhabi","Al Ain Al Khrair"
"ARE","United Arab Emirates","Abu Dhabi","Al Ain Al Maqam"
"ARE","United Arab Emirates","Abu Dhabi","Al Ain Al Markhaniya"
"ARE","United Arab Emirates","Abu Dhabi","Al Ain Al Masoudi"
"ARE","United Arab Emirates","Abu Dhabi","Al Ain Al Mutaredh"
"ARE","United Arab Emirates","Abu Dhabi","Al Ain Al Mutawa'a"
"ARE","United Arab Emirates","Abu Dhabi","Al Ain Al Muwaiji"
"ARE","United Arab Emirates","Abu Dhabi","Al Ain Al Nabghah"
"ARE","United Arab Emirates","Abu Dhabi","Al Ain Al Qisais"
"ARE","United Arab Emirates","Abu Dhabi","Al Ain Al Quaa"
"ARE","United Arab Emirates","Abu Dhabi","Al Ain Al Quattara"
"ARE","United Arab Emirates","Abu Dhabi","Al Ain Al Rawdha"
"ARE","United Arab Emirates","Abu Dhabi","Al Ain Al Saad"
"ARE","United Arab Emirates","Abu Dhabi","Al Ain Al Sarooj"
"ARE","United Arab Emirates","Abu Dhabi","Al Ain Al Shiwaib"
"ARE","United Arab Emirates","Abu Dhabi","Al Ain Al Shuaibah"
"ARE","United Arab Emirates","Abu Dhabi","Al Ain Al Shuwaima"
"ARE","United Arab Emirates","Abu Dhabi","Al Ain Al Towayya"
"ARE","United Arab Emirates","Abu Dhabi","Al Ain Al Wagan"
"ARE","United Arab Emirates","Abu Dhabi","Al Ain Al Yahar"
"ARE","United Arab Emirates","Abu Dhabi","Al Ain Asharej"
"ARE","United Arab Emirates","Abu Dhabi","Al Ain Bida Bint Saud"
"ARE","United Arab Emirates","Abu Dhabi","Al Ain Central District"
"ARE","United Arab Emirates","Abu Dhabi","Al Ain Defense"
"ARE","United Arab Emirates","Abu Dhabi","Al Ain Dhaher"
"ARE","United Arab Emirates","Abu Dhabi","Al Ain Falaj Hazza"
"ARE","United Arab Emirates","Abu Dhabi","Al Ain Grehbah"
"ARE","United Arab Emirates","Abu Dhabi","Al Ain Hili"
"ARE","United Arab Emirates","Abu Dhabi","Al Ain Industrial District"
"ARE","United Arab Emirates","Abu Dhabi","Al Ain Jabel Hafeet"
"ARE","United Arab Emirates","Abu Dhabi","Al Ain Katm Al Shikla"
"ARE","United Arab Emirates","Abu Dhabi","Al Ain Madinat Nahil"
"ARE","United Arab Emirates","Abu Dhabi","Al Ain Masakin"
"ARE","United Arab Emirates","Abu Dhabi","Al Ain Mezyad"
"ARE","United Arab Emirates","Abu Dhabi","Al Ain Neima"
"ARE","United Arab Emirates","Abu Dhabi","Al Ain Remah"
"ARE","United Arab Emirates","Abu Dhabi","Al Ain Saa"
"ARE","United Arab Emirates","Abu Dhabi","Al Ain Salamat"
"ARE","United Arab Emirates","Abu Dhabi","Al Ain Sanaiya"
"ARE","United Arab Emirates","Abu Dhabi","Al Ain Shiab Al Ashkhar"
"ARE","United Arab Emirates","Abu Dhabi","Al Ain Sweihan"
"ARE","United Arab Emirates","Abu Dhabi","Al Ain Um El Zumool"
"ARE","United Arab Emirates","Abu Dhabi","Al Ain Um Ghaffa"
"ARE","United Arab Emirates","Abu Dhabi","Al Ain Zakhir"
"ARE","United Arab Emirates","Abu Dhabi","Al Gharbia"
"ARE","United Arab Emirates","Abu Dhabi","Al Gharbia Al Hamariya"
"ARE","United Arab Emirates","Abu Dhabi","Al Gharbia Al Hamra"
"ARE","United Arab Emirates","Abu Dhabi","Al Gharbia Al Mirfa"
"ARE","United Arab Emirates","Abu Dhabi","Al Gharbia Al Ridem"
"ARE","United Arab Emirates","Abu Dhabi","Al Gharbia Al Ruwais"
"ARE","United Arab Emirates","Abu Dhabi","Al Gharbia Al Shuwaihat"
"ARE","United Arab Emirates","Abu Dhabi","Al Gharbia Al Sita"
"ARE","United Arab Emirates","Abu Dhabi","Al Gharbia Ash"
"ARE","United Arab Emirates","Abu Dhabi","Al Gharbia Barakah"
"ARE","United Arab Emirates","Abu Dhabi","Al Gharbia Bida Al Mutawaa"
"ARE","United Arab Emirates","Abu Dhabi","Al Gharbia Dalma Island"
"ARE","United Arab Emirates","Abu Dhabi","Al Gharbia Ghayathi"
"ARE","United Arab Emirates","Abu Dhabi","Al Gharbia Jabal Al Dhanah"
"ARE","United Arab Emirates","Abu Dhabi","Al Gharbia Khasbat Al Reem Island"
"ARE","United Arab Emirates","Abu Dhabi","Al Gharbia Liwa"
"ARE","United Arab Emirates","Abu Dhabi","Al Gharbia Madniat Zayed"
"ARE","United Arab Emirates","Abu Dhabi","Al Gharbia Nad Al Sheba"
"ARE","United Arab Emirates","Abu Dhabi","Al Gharbia Sir Baniyas"
"ARE","United Arab Emirates","Abu Dhabi","Al Gharbia Tarif Junction"
"ARE","United Arab Emirates","Ajman","Ajman"
"ARE","United Arab Emirates","Ajman","Ajman Cental"
"ARE","United Arab Emirates","Ajman","Ajman Industrial 1"
"ARE","United Arab Emirates","Ajman","Ajman Industrial 2"
"ARE","United Arab Emirates","Ajman","Al Alia"
"ARE","United Arab Emirates","Ajman","Al Amerah"
"ARE","United Arab Emirates","Ajman","Al Bahia"
"ARE","United Arab Emirates","Ajman","Al Bustan"
"ARE","United Arab Emirates","Ajman","Al Butain"
"ARE","United Arab Emirates","Ajman","Al Hamidiya 1"
"ARE","United Arab Emirates","Ajman","Al Hamidiya 2 "
"ARE","United Arab Emirates","Ajman","Al Hamidiya 3"
"ARE","United Arab Emirates","Ajman","Al Jerf 1"
"ARE","United Arab Emirates","Ajman","Al Jerf 2"
"ARE","United Arab Emirates","Ajman","Al Jerf 3"
"ARE","United Arab Emirates","Ajman","Al Jerf Industrial 1"
"ARE","United Arab Emirates","Ajman","Al Jerf Industrial 2"
"ARE","United Arab Emirates","Ajman","Al Jerf Industrial 3"
"ARE","United Arab Emirates","Ajman","Al Muntaz 1"
"ARE","United Arab Emirates","Ajman","Al Muntaz 2"
"ARE","United Arab Emirates","Ajman","Al Muwaihat 1"
"ARE","United Arab Emirates","Ajman","Al Muwaihat 2"
"ARE","United Arab Emirates","Ajman","Al Muwaihat 3"
"ARE","United Arab Emirates","Ajman","Al Nakil"
"ARE","United Arab Emirates","Ajman","Al Nuaimia"
"ARE","United Arab Emirates","Ajman","Al Raqaib 1"
"ARE","United Arab Emirates","Ajman","Al Raqaib 2"
"ARE","United Arab Emirates","Ajman","Al Rashidiya 1"
"ARE","United Arab Emirates","Ajman","Al Rashidiya 2"
"ARE","United Arab Emirates","Ajman","Al Rashidiya 3"
"ARE","United Arab Emirates","Ajman","Al Rawda 1"
"ARE","United Arab Emirates","Ajman","Al Rawda 2"
"ARE","United Arab Emirates","Ajman","Al Rawda 3"
"ARE","United Arab Emirates","Ajman","Al Rumailah"
"ARE","United Arab Emirates","Ajman","Al Talla 1"
"ARE","United Arab Emirates","Ajman","Al Talla 2"
"ARE","United Arab Emirates","Ajman","Al Yasmeen"
"ARE","United Arab Emirates","Ajman","Al Zahya"
"ARE","United Arab Emirates","Ajman","Helio 1"
"ARE","United Arab Emirates","Ajman","Helio 2"
"ARE","United Arab Emirates","Ajman","Manama Manama"
"ARE","United Arab Emirates","Ajman","Masfut Masfut"
"ARE","United Arab Emirates","Ajman","Meshairef"
"ARE","United Arab Emirates","Ajman","South Ajman"
"ARE","United Arab Emirates","Dubai","Sector 1 Abu Hail"
"ARE","United Arab Emirates","Dubai","Sector 1 Al Baraha"
"ARE","United Arab Emirates","Dubai","Sector 1 Al Buteen"
"ARE","United Arab Emirates","Dubai","Sector 1 Al Corniche"
"ARE","United Arab Emirates","Dubai","Sector 1 Al Dhagaya"
"ARE","United Arab Emirates","Dubai","Sector 1 Al Hamriya Port"
"ARE","United Arab Emirates","Dubai","Sector 1 Al Khabisi"
"ARE","United Arab Emirates","Dubai","Sector 1 Al Mamzar"
"ARE","United Arab Emirates","Dubai","Sector 1 Al Murar"
"ARE","United Arab Emirates","Dubai","Sector 1 Al Murqabat"
"ARE","United Arab Emirates","Dubai","Sector 1 Al Muteena"
"ARE","United Arab Emirates","Dubai","Sector 1 Al Ras"
"ARE","United Arab Emirates","Dubai","Sector 1 Al Rigga"
"ARE","United Arab Emirates","Dubai","Sector 1 Al Sabkha"
"ARE","United Arab Emirates","Dubai","Sector 1 Al Waheda"
"ARE","United Arab Emirates","Dubai","Sector 1 Ayal Nasir"
"ARE","United Arab Emirates","Dubai","Sector 1 Corniche Deira"
"ARE","United Arab Emirates","Dubai","Sector 1 Hor Al Anz"
"ARE","United Arab Emirates","Dubai","Sector 1 Hor Al Anz East"
"ARE","United Arab Emirates","Dubai","Sector 1 Naif"
"ARE","United Arab Emirates","Dubai","Sector 1 Palm Deira (Under Construction)"
"ARE","United Arab Emirates","Dubai","Sector 1 Port Saeed"
"ARE","United Arab Emirates","Dubai","Sector 1 Rigga Al Buteen"
"ARE","United Arab Emirates","Dubai","Sector 2 Al Ayas"
"ARE","United Arab Emirates","Dubai","Sector 2 Al Gharoud"
"ARE","United Arab Emirates","Dubai","Sector 2 Al Khawaneej One"
"ARE","United Arab Emirates","Dubai","Sector 2 Al Khawaneej Two"
"ARE","United Arab Emirates","Dubai","Sector 2 Al Mezhar First"
"ARE","United Arab Emirates","Dubai","Sector 2 Al Mezhar Second"
"ARE","United Arab Emirates","Dubai","Sector 2 Al Nadha First"
"ARE","United Arab Emirates","Dubai","Sector 2 Al Nadha Second"
"ARE","United Arab Emirates","Dubai","Sector 2 Al Qusais First"
"ARE","United Arab Emirates","Dubai","Sector 2 Al Qusais Industrial Area Fifth"
"ARE","United Arab Emirates","Dubai","Sector 2 Al Qusais Industrial Area First"
"ARE","United Arab Emirates","Dubai","Sector 2 Al Qusais Industrial Area Fourth"
"ARE","United Arab Emirates","Dubai","Sector 2 Al Qusais Industrial Area Second"
"ARE","United Arab Emirates","Dubai","Sector 2 Al Qusais Industrial Area Third"
"ARE","United Arab Emirates","Dubai","Sector 2 Al Qusais Second"
"ARE","United Arab Emirates","Dubai","Sector 2 Al Qusais Third"
"ARE","United Arab Emirates","Dubai","Sector 2 Al Rashidiya"
"ARE","United Arab Emirates","Dubai","Sector 2 Al Tay"
"ARE","United Arab Emirates","Dubai","Sector 2 Al Twar First"
"ARE","United Arab Emirates","Dubai","Sector 2 Al Twar Second"
"ARE","United Arab Emirates","Dubai","Sector 2 Al Twar Third"
"ARE","United Arab Emirates","Dubai","Sector 2 Dubai airport"
"ARE","United Arab Emirates","Dubai","Sector 2 Muhaisanah Fifth"
"ARE","United Arab Emirates","Dubai","Sector 2 Muhaisanah First"
"ARE","United Arab Emirates","Dubai","Sector 2 Muhaisanah Fourth"
"ARE","United Arab Emirates","Dubai","Sector 2 Muhaisanah Second"
"ARE","United Arab Emirates","Dubai","Sector 2 Muhaisanah Third"
"ARE","United Arab Emirates","Dubai","Sector 2 Nad Shamma"
"ARE","United Arab Emirates","Dubai","Sector 2 Oud Al Muteen First"
"ARE","United Arab Emirates","Dubai","Sector 2 Oud Al Muteen Second"
"ARE","United Arab Emirates","Dubai","Sector 2 Oud Al Muteen Third"
"ARE","United Arab Emirates","Dubai","Sector 2 Umm Ramool"
"ARE","United Arab Emirates","Dubai","Sector 2 Wadi Alamradi"
"ARE","United Arab Emirates","Dubai","Sector 3 Al Bada"
"ARE","United Arab Emirates","Dubai","Sector 3 Al Barsha First"
"ARE","United Arab Emirates","Dubai","Sector 3 Al Barsha Second"
"ARE","United Arab Emirates","Dubai","Sector 3 Al Barsha Third"
"ARE","United Arab Emirates","Dubai","Sector 3 Al Hamriya"
"ARE","United Arab Emirates","Dubai","Sector 3 Al Hudaiba"
"ARE","United Arab Emirates","Dubai","Sector 3 Al Jadaf"
"ARE","United Arab Emirates","Dubai","Sector 3 Al Jafliya"
"ARE","United Arab Emirates","Dubai","Sector 3 Al Karama"
"ARE","United Arab Emirates","Dubai","Sector 3 Al Kifaf"
"ARE","United Arab Emirates","Dubai","Sector 3 Al Manara"
"ARE","United Arab Emirates","Dubai","Sector 3 Al Mankhool"
"ARE","United Arab Emirates","Dubai","Sector 3 Al Merkad"
"ARE","United Arab Emirates","Dubai","Sector 3 Al Quoz First"
"ARE","United Arab Emirates","Dubai","Sector 3 Al Quoz Fourth"
"ARE","United Arab Emirates","Dubai","Sector 3 Al Quoz Industrial Area First"
"ARE","United Arab Emirates","Dubai","Sector 3 Al Quoz Industrial Area Fourth"
"ARE","United Arab Emirates","Dubai","Sector 3 Al Quoz Industrial Area Second"
"ARE","United Arab Emirates","Dubai","Sector 3 Al Quoz Industrial Area Third"
"ARE","United Arab Emirates","Dubai","Sector 3 Al Quoz Second"
"ARE","United Arab Emirates","Dubai","Sector 3 Al Quoz Third"
"ARE","United Arab Emirates","Dubai","Sector 3 Al Raffa"
"ARE","United Arab Emirates","Dubai","Sector 3 Al Safa First"
"ARE","United Arab Emirates","Dubai","Sector 3 Al Safa Second"
"ARE","United Arab Emirates","Dubai","Sector 3 Al Satwa"
"ARE","United Arab Emirates","Dubai","Sector 3 Al Shandaga"
"ARE","United Arab Emirates","Dubai","Sector 3 Al Souq Al Kabeer"
"ARE","United Arab Emirates","Dubai","Sector 3 Al Sufouh First"
"ARE","United Arab Emirates","Dubai","Sector 3 Al Sufouh Second"
"ARE","United Arab Emirates","Dubai","Sector 3 Al Tanyah Fifth"
"ARE","United Arab Emirates","Dubai","Sector 3 Al Tanyah First"
"ARE","United Arab Emirates","Dubai","Sector 3 Al Tanyah Fourth"
"ARE","United Arab Emirates","Dubai","Sector 3 Al Tanyah Second"
"ARE","United Arab Emirates","Dubai","Sector 3 Al Tanyah Third"
"ARE","United Arab Emirates","Dubai","Sector 3 Al Wasl"
"ARE","United Arab Emirates","Dubai","Sector 3 Ali Kalij Al Tejari"
"ARE","United Arab Emirates","Dubai","Sector 3 Burj Khalifa"
"ARE","United Arab Emirates","Dubai","Sector 3 Jumeira First"
"ARE","United Arab Emirates","Dubai","Sector 3 Jumeira Island One"
"ARE","United Arab Emirates","Dubai","Sector 3 Jumeira Island Two (Daria Island)"
"ARE","United Arab Emirates","Dubai","Sector 3 Jumeira Second"
"ARE","United Arab Emirates","Dubai","Sector 3 Jumeira Third"
"ARE","United Arab Emirates","Dubai","Sector 3 Madinat Dubai Al Melaheyah"
"ARE","United Arab Emirates","Dubai","Sector 3 Marsa Dubai"
"ARE","United Arab Emirates","Dubai","Sector 3 Nakhlat Jumeira"
"ARE","United Arab Emirates","Dubai","Sector 3 Oud Metha"
"ARE","United Arab Emirates","Dubai","Sector 3 Private Island"
"ARE","United Arab Emirates","Dubai","Sector 3 Trade Center First"
"ARE","United Arab Emirates","Dubai","Sector 3 Trade Center Second"
"ARE","United Arab Emirates","Dubai","Sector 3 Umm Al Sheif"
"ARE","United Arab Emirates","Dubai","Sector 3 Umm Hurair First"
"ARE","United Arab Emirates","Dubai","Sector 3 Umm Hurair Second"
"ARE","United Arab Emirates","Dubai","Sector 3 Umm Suqaim First"
"ARE","United Arab Emirates","Dubai","Sector 3 Umm Suqaim Second"
"ARE","United Arab Emirates","Dubai","Sector 3 Umm Suqaim Third"
"ARE","United Arab Emirates","Dubai","Sector 3 World Islands"
"ARE","United Arab Emirates","Dubai","Sector 3 Za'abeel First"
"ARE","United Arab Emirates","Dubai","Sector 3 Za'abeel Second"
"ARE","United Arab Emirates","Dubai","Sector 4 Al Khairan First"
"ARE","United Arab Emirates","Dubai","Sector 4 Al Khairan Second"
"ARE","United Arab Emirates","Dubai","Sector 4 Al Kheeran"
"ARE","United Arab Emirates","Dubai","Sector 4 Al Warqa'a Fifth"
"ARE","United Arab Emirates","Dubai","Sector 4 Al Warqa'a First"
"ARE","United Arab Emirates","Dubai","Sector 4 Al Warqa'a Fourth"
"ARE","United Arab Emirates","Dubai","Sector 4 Al Warqa'a Second"
"ARE","United Arab Emirates","Dubai","Sector 4 Al Warqa'a Third"
"ARE","United Arab Emirates","Dubai","Sector 4 Nad Al Hamar"
"ARE","United Arab Emirates","Dubai","Sector 4 Ras Al Khor"
"ARE","United Arab Emirates","Dubai","Sector 4 Wadi Alshabak"
"ARE","United Arab Emirates","Dubai","Sector 5 Dubai Investment Park 1"
"ARE","United Arab Emirates","Dubai","Sector 5 Dubai Investment Park 2"
"ARE","United Arab Emirates","Dubai","Sector 5 Hessyan First"
"ARE","United Arab Emirates","Dubai","Sector 5 Hessyan Second"
"ARE","United Arab Emirates","Dubai","Sector 5 Jebel Ali First"
"ARE","United Arab Emirates","Dubai","Sector 5 Jebel Ali Industrial First"
"ARE","United Arab Emirates","Dubai","Sector 5 Jebel Ali Industrial Second"
"ARE","United Arab Emirates","Dubai","Sector 5 Jebel Ali Industrial Third"
"ARE","United Arab Emirates","Dubai","Sector 5 Jebel Ali Second"
"ARE","United Arab Emirates","Dubai","Sector 5 Jebel Ali Third"
"ARE","United Arab Emirates","Dubai","Sector 5 Madinat Al Mataar"
"ARE","United Arab Emirates","Dubai","Sector 5 Mena Jebel Ali"
"ARE","United Arab Emirates","Dubai","Sector 5 Nakhlat Jabal Ali"
"ARE","United Arab Emirates","Dubai","Sector 5 Saih Shuaib 1"
"ARE","United Arab Emirates","Dubai","Sector 5 Saih Shuaib 2"
"ARE","United Arab Emirates","Dubai","Sector 5 Saih Shuaib 3"
"ARE","United Arab Emirates","Dubai","Sector 5 Saih Shuaib 4"
"ARE","United Arab Emirates","Dubai","Sector 6 Al Awir One"
"ARE","United Arab Emirates","Dubai","Sector 6 Al Barsha South Fifth"
"ARE","United Arab Emirates","Dubai","Sector 6 Al Barsha South First"
"ARE","United Arab Emirates","Dubai","Sector 6 Al Barsha South Fourth"
"ARE","United Arab Emirates","Dubai","Sector 6 Al Barsha South Second"
"ARE","United Arab Emirates","Dubai","Sector 6 Al Barsha South Third"
"ARE","United Arab Emirates","Dubai","Sector 6 Al Hebiah Fifth"
"ARE","United Arab Emirates","Dubai","Sector 6 Al Hebiah First"
"ARE","United Arab Emirates","Dubai","Sector 6 Al Hebiah Fourth"
"ARE","United Arab Emirates","Dubai","Sector 6 Al Hebiah Second"
"ARE","United Arab Emirates","Dubai","Sector 6 Al Hebiah Third"
"ARE","United Arab Emirates","Dubai","Sector 6 Bu Kadra"
"ARE","United Arab Emirates","Dubai","Sector 6 Hadaeq Sheikh Mohammed Bin Rashid"
"ARE","United Arab Emirates","Dubai","Sector 6 Me'aisem First"
"ARE","United Arab Emirates","Dubai","Sector 6 Me'aisem Second"
"ARE","United Arab Emirates","Dubai","Sector 6 Nad Al Shibba First"
"ARE","United Arab Emirates","Dubai","Sector 6 Nad Al Shibba Fourth"
"ARE","United Arab Emirates","Dubai","Sector 6 Nad Al Shibba Second"
"ARE","United Arab Emirates","Dubai","Sector 6 Nad Al Shibba Third"
"ARE","United Arab Emirates","Dubai","Sector 6 Nadd Hessa"
"ARE","United Arab Emirates","Dubai","Sector 6 Ras Al Khor Industrial Area First"
"ARE","United Arab Emirates","Dubai","Sector 6 Ras Al Khor Industrial Area Second"
"ARE","United Arab Emirates","Dubai","Sector 6 Ras Al Khor Industrial Area Third"
"ARE","United Arab Emirates","Dubai","Sector 6 Wadi Al Safa 2"
"ARE","United Arab Emirates","Dubai","Sector 6 Wadi Al Safa 3"
"ARE","United Arab Emirates","Dubai","Sector 6 Wadi Al Safa 4"
"ARE","United Arab Emirates","Dubai","Sector 6 Wadi Al Safa 5"
"ARE","United Arab Emirates","Dubai","Sector 6 Wadi Al Safa 6"
"ARE","United Arab Emirates","Dubai","Sector 6 Wadi Al Safa 7"
"ARE","United Arab Emirates","Dubai","Sector 6 Warsan First"
"ARE","United Arab Emirates","Dubai","Sector 6 Warsan Fourth"
"ARE","United Arab Emirates","Dubai","Sector 6 Warsan Second"
"ARE","United Arab Emirates","Dubai","Sector 7 Al Awir Two"
"ARE","United Arab Emirates","Dubai","Sector 7 Al Meryal"
"ARE","United Arab Emirates","Dubai","Sector 7 Al Wohoosh"
"ARE","United Arab Emirates","Dubai","Sector 7 Enkhali"
"ARE","United Arab Emirates","Dubai","Sector 7 Lehbab First"
"ARE","United Arab Emirates","Dubai","Sector 7 Nazwah"
"ARE","United Arab Emirates","Dubai","Sector 8 Al Maha"
"ARE","United Arab Emirates","Dubai","Sector 8 Al Rowaiyah First"
"ARE","United Arab Emirates","Dubai","Sector 8 Al Rowaiyah Second"
"ARE","United Arab Emirates","Dubai","Sector 8 Al Rowaiyah Thrid"
"ARE","United Arab Emirates","Dubai","Sector 8 Hatta"
"ARE","United Arab Emirates","Dubai","Sector 8 Le Hemaira"
"ARE","United Arab Emirates","Dubai","Sector 8 Lehbab Second"
"ARE","United Arab Emirates","Dubai","Sector 8 Margab"
"ARE","United Arab Emirates","Dubai","Sector 8 Margham"
"ARE","United Arab Emirates","Dubai","Sector 8 Mereiyeel"
"ARE","United Arab Emirates","Dubai","Sector 8 Remah"
"ARE","United Arab Emirates","Dubai","Sector 8 Umm Al Mo'meneen"
"ARE","United Arab Emirates","Dubai","Sector 8 Umm Eselay"
"ARE","United Arab Emirates","Dubai","Sector 8 Umn Al Daman"
"ARE","United Arab Emirates","Dubai","Sector 8 Warsan Thrid"
"ARE","United Arab Emirates","Dubai","Sector 8 Yaraah"
"ARE","United Arab Emirates","Dubai","Sector 9 Al Fagaa'"
"ARE","United Arab Emirates","Dubai","Sector 9 Al Hathmah"
"ARE","United Arab Emirates","Dubai","Sector 9 Al Layan 1"
"ARE","United Arab Emirates","Dubai","Sector 9 Al Layan 2"
"ARE","United Arab Emirates","Dubai","Sector 9 Al Marmoon"
"ARE","United Arab Emirates","Dubai","Sector 9 Al O'Shoosh"
"ARE","United Arab Emirates","Dubai","Sector 9 Al Selal"
"ARE","United Arab Emirates","Dubai","Sector 9 Al Yalayis 1"
"ARE","United Arab Emirates","Dubai","Sector 9 Al Yalayis 2"
"ARE","United Arab Emirates","Dubai","Sector 9 Al Yalayis 3"
"ARE","United Arab Emirates","Dubai","Sector 9 Al Yalayis 4"
"ARE","United Arab Emirates","Dubai","Sector 9 Al Yalayis 5"
"ARE","United Arab Emirates","Dubai","Sector 9 Al Yufrah 1"
"ARE","United Arab Emirates","Dubai","Sector 9 Al Yufrah 2"
"ARE","United Arab Emirates","Dubai","Sector 9 El Lesaily"
"ARE","United Arab Emirates","Dubai","Sector 9 Ghadeer Barashy"
"ARE","United Arab Emirates","Dubai","Sector 9 Grayteesah"
"ARE","United Arab Emirates","Dubai","Sector 9 Hefair"
"ARE","United Arab Emirates","Dubai","Sector 9 Mugatrah"
"ARE","United Arab Emirates","Dubai","Sector 9 Saih Al Dahal"
"ARE","United Arab Emirates","Dubai","Sector 9 Saih Al Salam"
"ARE","United Arab Emirates","Dubai","Sector 9 Saih Shia'alah"
"ARE","United Arab Emirates","Dubai","Sector 9 Umm Nahad First"
"ARE","United Arab Emirates","Dubai","Sector 9 Umm Nahad Fourth"
"ARE","United Arab Emirates","Dubai","Sector 9 Umm Nahad Second"
"ARE","United Arab Emirates","Dubai","Sector 9 Umm Nahad Third"
"ARE","United Arab Emirates","Fujairah","Central"
"ARE","United Arab Emirates","Fujairah","North"
"ARE","United Arab Emirates","Fujairah","South"
"ARE","United Arab Emirates","Ras Al-Khaimah","Airport"
"ARE","United Arab Emirates","Ras Al-Khaimah","Al Darbijaniyah"
"ARE","United Arab Emirates","Ras Al-Khaimah","Al Dhait North"
"ARE","United Arab Emirates","Ras Al-Khaimah","Al Dhait South"
"ARE","United Arab Emirates","Ras Al-Khaimah","Al Duhaisah"
"ARE","United Arab Emirates","Ras Al-Khaimah","Al Farlain"
"ARE","United Arab Emirates","Ras Al-Khaimah","Al Ghubb"
"ARE","United Arab Emirates","Ras Al-Khaimah","Al Hamra"
"ARE","United Arab Emirates","Ras Al-Khaimah","Al Hamra Village"
"ARE","United Arab Emirates","Ras Al-Khaimah","Al Hubaidah"
"ARE","United Arab Emirates","Ras Al-Khaimah","Al Jazirah Al Hamra"
"ARE","United Arab Emirates","Ras Al-Khaimah","Al Juwais"
"ARE","United Arab Emirates","Ras Al-Khaimah","Al Kharran"
"ARE","United Arab Emirates","Ras Al-Khaimah","Al Mamourah"
"ARE","United Arab Emirates","Ras Al-Khaimah","Al Mataf"
"ARE","United Arab Emirates","Ras Al-Khaimah","Al Nakheel"
"ARE","United Arab Emirates","Ras Al-Khaimah","Al Nudood"
"ARE","United Arab Emirates","Ras Al-Khaimah","Al Qir"
"ARE","United Arab Emirates","Ras Al-Khaimah","Al Qurm"
"ARE","United Arab Emirates","Ras Al-Khaimah","Al Qusaidat"
"ARE","United Arab Emirates","Ras Al-Khaimah","Al Rams"
"ARE","United Arab Emirates","Ras Al-Khaimah","Al Riffa"
"ARE","United Arab Emirates","Ras Al-Khaimah","Al Sall"
"ARE","United Arab Emirates","Ras Al-Khaimah","Al Seer"
"ARE","United Arab Emirates","Ras Al-Khaimah","Al Sharisha"
"ARE","United Arab Emirates","Ras Al-Khaimah","Al Soor"
"ARE","United Arab Emirates","Ras Al-Khaimah","Al Turfa"
"ARE","United Arab Emirates","Ras Al-Khaimah","Al Uraibi"
"ARE","United Arab Emirates","Ras Al-Khaimah","Al Zahra"
"ARE","United Arab Emirates","Ras Al-Khaimah","Bab Al Bahr"
"ARE","United Arab Emirates","Ras Al-Khaimah","Dafran Al Khor"
"ARE","United Arab Emirates","Ras Al-Khaimah","Dhayah"
"ARE","United Arab Emirates","Ras Al-Khaimah","Ghalliah"
"ARE","United Arab Emirates","Ras Al-Khaimah","Hamraniyah"
"ARE","United Arab Emirates","Ras Al-Khaimah","Idhn"
"ARE","United Arab Emirates","Ras Al-Khaimah","Jebel Al Jais"
"ARE","United Arab Emirates","Ras Al-Khaimah","Khatt"
"ARE","United Arab Emirates","Ras Al-Khaimah","Khor Khwair"
"ARE","United Arab Emirates","Ras Al-Khaimah","Khuzam"
"ARE","United Arab Emirates","Ras Al-Khaimah","Liwa Badr"
"ARE","United Arab Emirates","Ras Al-Khaimah","Mina Al Arab"
"ARE","United Arab Emirates","Ras Al-Khaimah","Mudfuk"
"ARE","United Arab Emirates","Ras Al-Khaimah","RAK City"
"ARE","United Arab Emirates","Ras Al-Khaimah","Ras Al Selaab"
"ARE","United Arab Emirates","Ras Al-Khaimah","Saraya Islands"
"ARE","United Arab Emirates","Ras Al-Khaimah","Seih Al Burairat"
"ARE","United Arab Emirates","Ras Al-Khaimah","Seih Al Ghubb"
"ARE","United Arab Emirates","Ras Al-Khaimah","Seih Al Harf"
"ARE","United Arab Emirates","Ras Al-Khaimah","Seih Al Hubaidah"
"ARE","United Arab Emirates","Ras Al-Khaimah","Seih Al Qusaidat"
"ARE","United Arab Emirates","Ras Al-Khaimah","Seih Al Uraibi"
"ARE","United Arab Emirates","Ras Al-Khaimah","Seih Shihyar"
"ARE","United Arab Emirates","Ras Al-Khaimah","Sha'am"
"ARE","United Arab Emirates","Ras Al-Khaimah","Shamal Haqueel"
"ARE","United Arab Emirates","Ras Al-Khaimah","Shamal Julphar"
"ARE","United Arab Emirates","Ras Al-Khaimah","Sidroh"
"ARE","United Arab Emirates","Ras Al-Khaimah","South"
"ARE","United Arab Emirates","Ras Al-Khaimah","Suburbia"
"ARE","United Arab Emirates","Ras Al-Khaimah","Suhaim"
"ARE","United Arab Emirates","Ras Al-Khaimah","Wadi Ammar"
"ARE","United Arab Emirates","Sharjah","Abu Shagara"
"ARE","United Arab Emirates","Sharjah","Airport"
"ARE","United Arab Emirates","Sharjah","Al Abar"
"ARE","United Arab Emirates","Sharjah","Al Azra"
"ARE","United Arab Emirates","Sharjah","Al Bu Daniq"
"ARE","United Arab Emirates","Sharjah","Al Falaj"
"ARE","United Arab Emirates","Sharjah","Al Fisht"
"ARE","United Arab Emirates","Sharjah","Al Ghafia"
"ARE","United Arab Emirates","Sharjah","Al Gharayen"
"ARE","United Arab Emirates","Sharjah","Al Gharb"
"ARE","United Arab Emirates","Sharjah","Al Ghubaira"
"ARE","United Arab Emirates","Sharjah","Al Goaz"
"ARE","United Arab Emirates","Sharjah","Al Hazzanah"
"ARE","United Arab Emirates","Sharjah","Al Heerah Suburb"
"ARE","United Arab Emirates","Sharjah","Al Jazzat"
"ARE","United Arab Emirates","Sharjah","Al Khaledia Suburb"
"ARE","United Arab Emirates","Sharjah","Al Khan"
"ARE","United Arab Emirates","Sharjah","Al Khezamia"
"ARE","United Arab Emirates","Sharjah","Al Layyeh Suburb"
"ARE","United Arab Emirates","Sharjah","Al Mahatah"
"ARE","United Arab Emirates","Sharjah","Al Majaz"
"ARE","United Arab Emirates","Sharjah","Al Manakh"
"ARE","United Arab Emirates","Sharjah","Al Mareija"
"ARE","United Arab Emirates","Sharjah","Al Mujarrah"
"ARE","United Arab Emirates","Sharjah","Al Musalla"
"ARE","United Arab Emirates","Sharjah","Al Nabba"
"ARE","United Arab Emirates","Sharjah","Al Nabba'ah"
"ARE","United Arab Emirates","Sharjah","Al Nasserya"
"ARE","United Arab Emirates","Sharjah","Al Nekhailat"
"ARE","United Arab Emirates","Sharjah","Al Noaf"
"ARE","United Arab Emirates","Sharjah","Al Qadisiya"
"ARE","United Arab Emirates","Sharjah","Al Qasba"
"ARE","United Arab Emirates","Sharjah","Al Qassima"
"ARE","United Arab Emirates","Sharjah","Al Ramala West"
"ARE","United Arab Emirates","Sharjah","Al Ramaqiya"
"ARE","United Arab Emirates","Sharjah","Al Ramla East"
"ARE","United Arab Emirates","Sharjah","Al Ramtha"
"ARE","United Arab Emirates","Sharjah","Al Rarmaniya"
"ARE","United Arab Emirates","Sharjah","Al Rifa'ah"
"ARE","United Arab Emirates","Sharjah","Al Riff'a"
"ARE","United Arab Emirates","Sharjah","Al Sabkha"
"ARE","United Arab Emirates","Sharjah","Al Sajaa Industrial Suburb"
"ARE","United Arab Emirates","Sharjah","Al Seef"
"ARE","United Arab Emirates","Sharjah","Al Shahba"
"ARE","United Arab Emirates","Sharjah","Al Sharq"
"ARE","United Arab Emirates","Sharjah","Al Shuwaihean"
"ARE","United Arab Emirates","Sharjah","Al Suoyh Suburb"
"ARE","United Arab Emirates","Sharjah","Al Taawun"
"ARE","United Arab Emirates","Sharjah","Al Tala'a"
"ARE","United Arab Emirates","Sharjah","Al Yarmook"
"ARE","United Arab Emirates","Sharjah","Al Yash"
"ARE","United Arab Emirates","Sharjah","Bee'ah"
"ARE","United Arab Emirates","Sharjah","Bu Tina"
"ARE","United Arab Emirates","Sharjah","Dasman"
"ARE","United Arab Emirates","Sharjah","Dibba Al-Hisn"
"ARE","United Arab Emirates","Sharjah","Emirates Industrial City"
"ARE","United Arab Emirates","Sharjah","Flag Island"
"ARE","United Arab Emirates","Sharjah","Halwan Suburb"
"ARE","United Arab Emirates","Sharjah","Industrial Area"
"ARE","United Arab Emirates","Sharjah","Kalba"
"ARE","United Arab Emirates","Sharjah","Khor Fakkan"
"ARE","United Arab Emirates","Sharjah","Maysaloon"
"ARE","United Arab Emirates","Sharjah","Mughaidir Suburb"
"ARE","United Arab Emirates","Sharjah","Muwafjah"
"ARE","United Arab Emirates","Sharjah","Muwailih Commercial"
"ARE","United Arab Emirates","Sharjah","Nahwa"
"ARE","United Arab Emirates","Sharjah","Saif Zone"
"ARE","United Arab Emirates","Sharjah","Samnan"
"ARE","United Arab Emirates","Sharjah","Sharjah Port"
"ARE","United Arab Emirates","Sharjah","Sharqan"
"ARE","United Arab Emirates","Sharjah","Um Altaraffa"
"ARE","United Arab Emirates","Sharjah","University City"
"ARE","United Arab Emirates","Sharjah","Wasit Suburb"
"ARE","United Arab Emirates","Umm al-Qaywayn","Umm al-Qaywayn"
"QAT","Qatar","Al Daayen","Al Daayen"
"QAT","Qatar","Al Khor","Al Khor"
"QAT","Qatar","Al Wakrah","Al Wakrah"
"QAT","Qatar","Ar Rayyan","Ar Rayyan"
"QAT","Qatar","Madinat ash Shamal","Madinat ash Shamal"
"QAT","Qatar","Umm Salal","Umm Salal"
"QAT","Qatar","Ad Dawhah","Al Bidda"
"QAT","Qatar","Ad Dawhah","Al Dafna"
"QAT","Qatar","Ad Dawhah","Ad Dawhah al Jadidah"
"QAT","Qatar","Ad Dawhah","Al Egla"
"QAT","Qatar","Ad Dawhah","Al Hilal"
"QAT","Qatar","Ad Dawhah","Al Jasrah"
"QAT","Qatar","Ad Dawhah","Al Kharayej"
"QAT","Qatar","Ad Dawhah","Al Khulaifat"
"QAT","Qatar","Ad Dawhah","Al Mansoura"
"QAT","Qatar","Ad Dawhah","Al Markhiya"
"QAT","Qatar","Ad Dawhah","Al Messila"
"QAT","Qatar","Ad Dawhah","Al Mirqab"
"QAT","Qatar","Ad Dawhah","Al Najada"
"QAT","Qatar","Ad Dawhah","Al Qassar"
"QAT","Qatar","Ad Dawhah","Al Rufaa"
"QAT","Qatar","Ad Dawhah","Al Sadd"
"QAT","Qatar","Ad Dawhah","Al Souq"
"QAT","Qatar","Ad Dawhah","Al Tarfa"
"QAT","Qatar","Ad Dawhah","Al Thumama"
"QAT","Qatar","Ad Dawhah","Barahat Al Jufairi"
"QAT","Qatar","Ad Dawhah","Dahl Al Hamam"
"QAT","Qatar","Ad Dawhah","Doha International Airport"
"QAT","Qatar","Ad Dawhah","Doha Port"
"QAT","Qatar","Ad Dawhah","Duhail"
"QAT","Qatar","Ad Dawhah","Fereej Abdul Aziz"
"QAT","Qatar","Ad Dawhah","Fereej Al Nasr"
"QAT","Qatar","Ad Dawhah","Fereej Bin Durham"
"QAT","Qatar","Ad Dawhah","Fereej Bin Mahmoud"
"QAT","Qatar","Ad Dawhah","Fereej Bin Omran"
"QAT","Qatar","Ad Dawhah","Fereej Kulaib"
"QAT","Qatar","Ad Dawhah","Fereej Mohammed Bin Jasim"
"QAT","Qatar","Ad Dawhah","Hamad Medical City"
"QAT","Qatar","Ad Dawhah","Hazm Al Markhiya"
"QAT","Qatar","Ad Dawhah","Industrial Area"
"QAT","Qatar","Ad Dawhah","Jabal Thuaileb"
"QAT","Qatar","Ad Dawhah","Jelaiah"
"QAT","Qatar","Ad Dawhah","Jeryan Nejaima"
"QAT","Qatar","Ad Dawhah","Lejbailat"
"QAT","Qatar","Ad Dawhah","Lekhwair"
"QAT","Qatar","Ad Dawhah","Leqtaifiya"
"QAT","Qatar","Ad Dawhah","Madinat Khalifa North"
"QAT","Qatar","Ad Dawhah","Madinat Khalifa South"
"QAT","Qatar","Ad Dawhah","Musheireb"
"QAT","Qatar","Ad Dawhah","Najma"
"QAT","Qatar","Ad Dawhah","New Al Hitmi"
"QAT","Qatar","Ad Dawhah","New Al Mirqab"
"QAT","Qatar","Ad Dawhah","New Salata"
"QAT","Qatar","Ad Dawhah","Nuaija"
"QAT","Qatar","Ad Dawhah","Old Airport"
"QAT","Qatar","Ad Dawhah","Old Al Ghanim"
"QAT","Qatar","Ad Dawhah","Old Al Hitmi"
"QAT","Qatar","Ad Dawhah","Onaiza"
"QAT","Qatar","Ad Dawhah","Ras Abu Aboud"
"QAT","Qatar","Ad Dawhah","Rawdat Al Khail"
"QAT","Qatar","Ad Dawhah","Rumeilah"
"QAT","Qatar","Ad Dawhah","Salata"
"QAT","Qatar","Ad Dawhah","Umm Ghuwailina"
"QAT","Qatar","Ad Dawhah","Umm Lekhba"
"QAT","Qatar","Ad Dawhah","Wadi Al Banat"
"QAT","Qatar","Ad Dawhah","Wadi Al Sail"
